country,founded,id,industry,linkedin_url,locality,name,region,size,website
germany,,DzSg2Ur1v2fgtQB4O0RvuA9Qygog,information technology and services,linkedin.com/company/datos-software,langenau,datos software,baden-württemberg,1-10,datos.ch
germany,2018,P4hKdrLcyPBCpSWKKhAAuwoV6VxF,information technology and services,linkedin.com/company/atlastec-service-gmbh,offenburg,atlastec service gmbh,baden-württemberg,1-10,
germany,,XtVBK1aVJ5CJN63p5WwUnwKLtIiZ,information technology and services,linkedin.com/company/snow-globe-ug,munich,snow globe ug,bavaria,1-10,snow-glo.be
germany,1988,fQKISbiCzUBjGpq0TqspOgUicpm0,information technology and services,linkedin.com/company/software-express-germany,sindelfingen,software-express,baden-württemberg,11-50,software-express.de
germany,,YpBYefiEbmBMU09OCKMMWw8GrMky,information technology and services,linkedin.com/company/oti-computerservice-gmbh,hamburg,oti computerservice gmbh,hamburg,1-10,
germany,2000,Uh5vfCYn7w6Em0WY8ZDwYwMqnpyw,information technology and services,linkedin.com/company/bamboo-software-berlin,berlin,bamboo software,berlin,1-10,bamboo-sofware.de
germany,,VRAmSwBUnloTlq3UTTW0sgWkmngn,information technology and services,linkedin.com/company/augenoptik-glas-gmbh,eilenburg,augenoptik glas gmbh,saxony,1-10,augenoptik-glas.de
germany,2019,0fgnUkl3LsgThJkR0i3XFQlRoKbt,information technology and services,linkedin.com/company/pathconnect-eu,kuppenheim,pathconnect gmbh,baden-württemberg,1-10,
germany,2005,BBtQvK5lBnKXgsoaKcC5TQgEF0Vt,information technology and services,linkedin.com/company/fafworx,berlin,fafworx it & mediaservice,berlin,1-10,fafworx.com
germany,,YHUG7kcQfFKQGhkYM5XgCg3m8gol,information technology and services,linkedin.com/company/umanet,,umanet,,1-10,umanet.de
germany,,QQgpIWAwaZ1le12Z9jHhHwbGzYld,information technology and services,linkedin.com/company/dis-computer,landshut,dis-computer,bavaria,1-10,dis-computer.de
germany,2002,0NvdVuXGmUWHnYGL166UIg78ccPV,information technology and services,linkedin.com/company/ingenieurbüro-ghalkhani,oldenburg,ingenieurbüro ghalkhani,lower saxony,11-50,
germany,,F6Z1BQU7cLFfKy9IChMAKgRovD4i,information technology and services,linkedin.com/company/avr-online,munich,avr online,bavaria,1-10,braut-shopping.de
germany,,2c8klOB736nP20LfG3e2hA0fiyV0,information technology and services,linkedin.com/company/zoopra,trossingen,zoopra ug (haftungsbeschränkt),baden-württemberg,1-10,zoopra.de
germany,2012,bLcZWYnEF4JF0uGGITI3JAdDGUYO,information technology and services,linkedin.com/company/inoio-gmbh,hamburg,inoio gmbh,hamburg,11-50,inoio.de
germany,,0qiicWJfWWDvl3NP0CcZAgESEZ75,information technology and services,linkedin.com/company/z-point-datentechnik-gmbh,hamburg,z-point datentechnik gmbh,hamburg,1-10,z-point.biz
germany,1999,gDiADvljpw3tJZlgKRX79A7iFe7r,information technology and services,linkedin.com/company/maila-push-gmbh,darmstadt,maila-push gmbh,hesse,201-500,maila-push.com
germany,2023,NE5QXGG9tk0CBfCXSWZiTwGKaI8M,information technology and services,linkedin.com/company/fr3n,,fr3n,,1-10,fr3n.io
germany,2001,JFDNgzNXPLkLyDqES9XyKgklxjBz,information technology and services,linkedin.com/company/projekt-acht-ag,hünfelden,projekt acht ag,hesse,1-10,p8ag.com
germany,,KXD0IF9HTJq41npSB96mrw1Aahuc,information technology and services,linkedin.com/company/appfactory-gmbh,hamburg,appfactory gmbh,hamburg,1-10,appfactory-hh.de
germany,,OGs7hzOYghC4FWE2erUocQciO2cn,information technology and services,linkedin.com/company/memomatic,bad segeberg,mem-o-matic,schleswig-holstein,11-50,
germany,2020,fETdORIemJu10WO98RdaVwbSvgzo,information technology and services,linkedin.com/company/tausendbytes,hockenheim,tausendbytes gmbh,baden-württemberg,1-10,tausendbytes.de
germany,,2KyKzROYdSHPZCAPxzh16Qj6KHWz,information technology and services,linkedin.com/company/star-language-technology-&-solutions,sindelfingen,star language technology & solutions,baden-württemberg,11-50,
germany,1993,N1rfhXpmMByFdXdCSuB2AgDhasUB,information technology and services,linkedin.com/company/bechtle-it-systemhaus-leipzig,leipzig,bechtle gmbh it-systemhaus leipzig,saxony,51-200,
germany,2018,EEYSUpl40bBlGPWS1CRagQuTeqJl,information technology and services,linkedin.com/company/desk7,hamburg,desk7,hamburg,11-50,desk7.com
germany,2020,rCoaH33iGcLwuKr0juqjBQuVSFWS,information technology and services,linkedin.com/company/hor1zon,cologne,hor1zon gmbh,north rhine-westphalia,1-10,hor1zon.io
germany,,gGMYv6ubBTSyXt9TkMXYFA5q9CQr,information technology and services,linkedin.com/company/roomlivery,essen,roomlivery,north rhine-westphalia,1-10,q-one.net
germany,,rlTs52GcyPtV6tXuzEgtTwojp6uk,information technology and services,linkedin.com/company/cube-solutions-gmbh,hamburg,cube solutions gmbh,hamburg,1-10,cube-solutions.de
germany,,wsGbkHm0NbBBxGRBWTpASABKlX5i,information technology and services,linkedin.com/company/flandor-gmbh,hamburg,flandor gmbh,hamburg,1-10,flandor.de
germany,2022,eYQPpSJlYCfzRC9obnnSAgVr6rUm,information technology and services,linkedin.com/company/ingold-solutions-gmbh,berlin,ingold solutions gmbh,berlin,11-50,
germany,,hot8L41gQcLCwaFK9Xk89ASZ0Snv,information technology and services,linkedin.com/company/activa-haustechnik-gmbh,nordhorn,activa haustechnik gmbh,lower saxony,1-10,activa-haustechnik.de
germany,2004,2Sxq6VpGg4BZsAF5xNPYdgt5Rq4q,information technology and services,linkedin.com/company/sistrix-gmbh,bonn,sistrix,north rhine-westphalia,11-50,sistrix.com
germany,,6X9w3OpDfGlzKklJxiZbkQfz3Yzt,information technology and services,linkedin.com/company/ziddex-interaktive-lösungen,mönchengladbach,ziddex interaktive lösungen,north rhine-westphalia,1-10,ziddex.de
germany,,H7WkhEfhFVvgKBPIoCU0XQxZjItN,information technology and services,linkedin.com/company/hcm-experts-gmbh,walldorf,hcm experts gmbh,baden-württemberg,11-50,hcm-experts.de
germany,,2D3urlh5Koba6W2jyxhFHAj6Bdky,information technology and services,linkedin.com/company/schmitt-gmbh,worms,schmitt gmbh,rhineland-palatinate,1-10,schmitt-kaminsanierung.de
germany,2017,r1nNCxt9b7zJEgTon3LW1wnKhUqP,information technology and services,linkedin.com/company/ths-business-solutions-gmbh,braunschweig,ths business solutions gmbh,lower saxony,11-50,ths-bs.de
germany,,sxx8nbkyTHpKN5SxrapBqwSs61Vx,information technology and services,linkedin.com/company/adunni-data,berlin,adunni data community,berlin,1-10,adunni.org
germany,,WMVQYiqXXDAB06VzC6dJCwecdPPT,information technology and services,linkedin.com/company/dr-wild-management-consultants,borken,dr. wild management consultants,north rhine-westphalia,1-10,wildmc.de
germany,2000,RAT5aC1qzipCQUWutKLMzwdE4qc6,information technology and services,linkedin.com/company/bolde-gmbh,altenholz,bolde gmbh,schleswig-holstein,11-50,bolde.de
germany,2003,GHFTz2zEkI6BAIOb1SX0LAuCSOXQ,information technology and services,linkedin.com/company/spoon-data-services,munich,spoon data services,bavaria,11-50,spoonds.com
germany,2001,BmX3hWtZLZEwf3rDGw9YgwNZIXSz,information technology and services,linkedin.com/company/prodot-gmbh,duisburg,prodot - software for market leaders,north rhine-westphalia,51-200,prodot.de
germany,1992,GBb888fXORDWYCZIFdBrygg4SHOH,information technology and services,linkedin.com/company/intera-gesellschaft-f-r-software-entwicklung-mbh,hanau,intera gmbh,hesse,11-50,intera.de
germany,2021,ZqznIxKlUyRhGLSOtXyJPAuZYaLy,information technology and services,linkedin.com/company/beleger,hannover,beleger,lower saxony,1-10,beleger.de
germany,,nY1Dt1BK8MYp4x1YrJgb3AWl6YCG,information technology and services,linkedin.com/company/barcodeblog,nettetal,barcodeblog,north rhine-westphalia,1-10,barcodeblog.de
germany,1998,y3OKW8YY4FZJ2bWOjCg1uAcgRjrU,information technology and services,linkedin.com/company/kai-müller-gmbh,pfullingen,kaisys.it rt gmbh,baden-württemberg,11-50,kaisys.de
germany,2013,rOiOH6YVRkOttdMq2zBbxwoSMT1e,information technology and services,linkedin.com/company/100wunder,berlin,100wunder,berlin,1-10,100wunder.de
germany,,EDD6br5OJQ5cqUO5l2RNoAkcs2tQ,information technology and services,linkedin.com/company/g-tronik.de,lörrach,g-tronik.de,baden-württemberg,1-10,g-tronik.de
germany,1990,AUEBBSvKcBCUt5IiWGi81ALE8x6L,information technology and services,linkedin.com/company/pdv-systeme-sachsen-gmbh,dresden,pdv-systeme sachsen gmbh,saxony,51-200,pdv-sachsen.net
germany,1995,3mMhDINWKbScVmBTSM4uCwdiYb21,information technology and services,linkedin.com/company/softsystem-software-systeme-dunkel-gmbh,germering,softsystem software systeme dunkel gmbh,bavaria,11-50,digras.de
germany,2023,Nyf3LASDTf8706XFUsDATAUgM6TV,information technology and services,linkedin.com/company/cm-tech-gmbh,jülich,cm.tech gmbh,north rhine-westphalia,51-200,
germany,,KnFShARU9VU59KdUffyntwG1qdve,information technology and services,linkedin.com/company/z-managementsolutions,kröning,z-managementsolutions,bavaria,1-10,
germany,,irSChC0XLns9fVpMqP5RmwTqVoFg,information technology and services,linkedin.com/company/startup-in-stealth-mode-climate,berlin,startup in stealth mode,berlin,1-10,
germany,2021,qUGvzjBCOmhzZc7Btp0yDQvt8fHT,information technology and services,linkedin.com/company/digitup-gmbh,düsseldorf,digitup gmbh,north rhine-westphalia,1-10,dig-it-up.de
germany,1975,SiXv6HeuCvbOEatjDgIfNQkgFgxb,information technology and services,linkedin.com/company/sph-ag-e-commerce-systemhaus,sindelfingen,sph ag,baden-württemberg,51-200,sph-ag.com
germany,,hvte6BSiXEXMH2Rt9s8rkgAecss0,information technology and services,linkedin.com/company/citycomputer,schweinfurt,citycomputer,bavaria,1-10,citycomputer-sw.de
germany,,kBYNVo04GpHMTqRrpFdfIAsuOLB7,information technology and services,linkedin.com/company/schlund-networks,münchen,schlund networks,bavaria,1-10,schlundnetworks.de
germany,,B6VX0owkf20U2VyHXFR8HQ7TIrEA,information technology and services,linkedin.com/company/stratmann-gmbh,essen,stratmann gmbh,north rhine-westphalia,1-10,stratmanngmbh.de
germany,2003,8g542sYnPwuYnPTBSweYGQ2Eyvl2,information technology and services,linkedin.com/company/rote-diskette---rosslau-&-kraft,groß-gerau,rote diskette - rosslau & kraft ohg,hesse,1-10,rote-diskette.de
germany,,2ukO0QVATVrWAPrLQEW4sgKrCsB0,information technology and services,linkedin.com/company/trakktive,cologne,trakktive ug,north rhine-westphalia,1-10,trakktive.com
germany,2019,i64vw0hHV48DNIEZAwCjjg7zNoXN,information technology and services,linkedin.com/company/wulf-systems,korbach,wulf systems gmbh,hesse,1-10,wulf.systems
germany,,0s8BFVUxkFmlKgBaYxY69Qqbkrav,information technology and services,linkedin.com/company/matheres-marie-theres-freise,bremen,matheres - marie niazi-shahabi,bremen,1-10,matheres.de
germany,2001,CAl22qkuZlMOszlDD6BnIgDeUJ87,information technology and services,linkedin.com/company/pensionit-gmbh,aschheim,pensionit gmbh,bavaria,1-10,pension-it.de
germany,2023,oTVt0KRbY89pPei2kB5ZgAFiiA9F,information technology and services,linkedin.com/company/welp-it,wetter,welp-it ug (haftungsbeschränkt),hesse,1-10,welp-it.de
germany,,YY2e0zsycEC62NDi3O4CBQT4mwju,information technology and services,linkedin.com/company/alexander-bödger-hanse-computerservice,mölln,alexander bödger hanse-computerservice,schleswig-holstein,1-10,hanse-computerservice.de
germany,,lmPyPF59nTkB3IIIgZlVFwxXeQ0B,information technology and services,linkedin.com/company/arva-digital-gmbh,rosenheim,arva digital gmbh,bavaria,11-50,arva.digital
germany,2019,Y1weFZh53LIJCeRoRPYK5A3eBV8e,information technology and services,linkedin.com/company/secoshore,unterföhring,secoshore gmbh,bavaria,11-50,secoshore.com
germany,1993,hQWusMmyWK4BsU7wIp7c0A31CiHC,information technology and services,linkedin.com/company/invers-gmbh,netphen,invers,north rhine-westphalia,51-200,invers.com
germany,,OcbPkvW0Jgau6M1EERTTlQtAKMgF,information technology and services,linkedin.com/company/telta-citynetz-eberswalde-gmbh,eberswalde,telta citynetz eberswalde gmbh,brandenburg,1-10,
germany,2020,auqz9UqKoqe2D7V0ZaD0gAkeEd7U,information technology and services,linkedin.com/company/lightblaze,cologne,lightblaze gmbh,north rhine-westphalia,1-10,lightblaze.de
germany,2001,uEcnExoo41iBIsE4i8JTYgAnWb6J,information technology and services,linkedin.com/company/cis-gmbh-consulting-it-services,wiesbaden,cis gmbh consulting & it-services,hesse,51-200,cis-it.de
germany,2023,GBVoWHBEE7f2IRqOUcWEZwuzslBU,information technology and services,linkedin.com/company/nexterait-partners-gmbh,grünstadt,nexterait partners gmbh,rhineland-palatinate,1-10,nextera-it.de
germany,2014,KUQTMgyLp8J8uF9JsXNHfQrnFKuC,information technology and services,linkedin.com/company/match-app,münchen,idea hub gmbh,bavaria,1-10,match-app.de
germany,,n29nnlAelL5PwDPRUTOGZwpVh6Df,information technology and services,linkedin.com/company/matthias-seidl-data-scientist,berlin,m.seidl - analytics,berlin,1-10,mseidl-analytics.de
germany,,77UpBVDB0aQWhKXtRB8vXwiedEP9,information technology and services,linkedin.com/company/voltar-systems,zug,voltar systems gmbh,saxony,1-10,
germany,2008,8UCmpOlCJ1uU9oTeD1BtwgjR8aTJ,information technology and services,linkedin.com/company/p.o.t.s,munich,p.o.t.s,bavaria,1-10,partofthestars.com
germany,2023,JBYHHmHOrflLF2DiBLDVtwbDVQ0m,information technology and services,linkedin.com/company/viventum,munich,ooval,bavaria,1-10,ooval.io
germany,,6bG2mTNSYBsM1wInaFqJCwk82ZqO,information technology and services,linkedin.com/company/spot-group-gmbh,mühltal,spot.group gmbh,hesse,11-50,spotgroup.de
germany,2019,Un7TyyuVq1H1iyNjhFw1oQFrznBK,information technology and services,linkedin.com/company/social-developers-club,hamburg,social developers club,hamburg,1-10,socialdevelopersclub.de
germany,2022,5EjA010L588SyTvXmpUL9gkQRail,information technology and services,linkedin.com/company/women-in-data-and-ai,berlin,women+ in data and ai,berlin,1-10,women-in-data-ai.tech
germany,2023,IjJbgWq4bhIJSdM7WO4ScgudOag1,information technology and services,linkedin.com/company/memberr,hamburg,memberr.,hamburg,11-50,memberr.de
germany,,l4R74EEY1xXzFC6t8ICpIAL6KNz7,information technology and services,linkedin.com/company/it-project-management-inc.,griesheim,it project management inc.,hesse,1-10,itprojectmanagement.ca
germany,2008,iZAs3f1vLBudzkOyF5G3uAr4patM,information technology and services,linkedin.com/company/ingenieurbüro-herzner-und-schröder-gebäudetechnik-gmbh,ansbach,ingenieurbüro herzner und schröder gebäudetechnik gmbh,bavaria,11-50,ipg95.de
germany,2019,BJmrCiQ4VlEVNNMBjoJKFQJM4upf,information technology and services,linkedin.com/company/eam-trusted-advisor-gmbh,bad saarow-pieskow,eam trusted advisor gmbh,brandenburg,1-10,trusted-advisor.com
germany,2015,Cq6nwSQI2teESbuL4BNxKQBFZoXG,information technology and services,linkedin.com/company/it-consulting-speer-gmbh,stuttgart,it-consulting speer gmbh,baden-württemberg,1-10,itc-speer.com
germany,,V2GlceCNHDtxFencCOrNzw3AYkaW,information technology and services,linkedin.com/company/mission-mobile-gmbh,,mission mobile gmbh,,1-10,
germany,1989,2Lr8C7dFz3A8CvGjVgxVggUwQddl,information technology and services,linkedin.com/company/demic-datentechnik-gmbh,neunkirchen-seelscheid,demic datentechnik gmbh,north rhine-westphalia,11-50,demic-datentechnik.de
germany,,HTKwp4QRf0IM5OtGdLOKFwuVQrUn,information technology and services,linkedin.com/company/solonetics,ebersberg,solonetics,bavaria,1-10,solonetics.de
germany,2019,eCd27UunmVBYICqXZovhMwVm2Zxu,information technology and services,linkedin.com/company/tund-gmbh,schwäbisch gmünd,tund gmbh,baden-württemberg,1-10,tund.de
germany,2018,bdl7q5f92jD7cJQ9kOQmRAl06Otn,information technology and services,linkedin.com/company/solunity-services-gmbh,türkenfeld,solunity services gmbh,bavaria,1-10,solunity-services.com
germany,2018,I8MbYnmQJOtWIhCOqpVCEwto4v0d,information technology and services,linkedin.com/company/teuto-it-remarketing-ug,bielefeld,teuto it remarketing ug,north rhine-westphalia,11-50,teuto-remarketing.de
germany,2015,Y0LjudrSeTD1ICcUz3LH3gvwavft,information technology and services,linkedin.com/company/billwerkplusgermany,frankfurt,billwerk+ germany,hesse,51-200,
germany,,PxNhqviDhCdCoUMyROaFCQmrVZcp,information technology and services,linkedin.com/company/agenturjokermtelshop,frankfurt,agentur joker,hesse,1-10,
germany,2012,mZwjqMoeDCocJAyF6su4AQyoRBB8,information technology and services,linkedin.com/company/soffico-gmbh,augsburg,soffico gmbh,bavaria,51-200,soffico.de
germany,2019,fYu34e8x2ti906mAN7ZrFwFTqo9o,information technology and services,linkedin.com/company/datico-human-performance-management,burghausen,datico - human performance management,bavaria,11-50,datico.com
germany,2020,8UaDRgrdAckJXDx1MW0xxAu3nSA5,information technology and services,linkedin.com/company/codire,mühldorf,codire gmbh,bavaria,1-10,codire.de
germany,,CvYYy3EMyyWKYCHun3LJhwrcYKpS,information technology and services,linkedin.com/company/günter-lachmuth-unternehmensberatung-u.-softwareentwicklung,schöngeising,günter lachmuth unternehmensberatung u. softwareentwicklung,bavaria,1-10,probasys.de
germany,2010,J29gBwCjBCqttipcleWgngHoGdHu,information technology and services,linkedin.com/company/metaspatial,thurmannsbang,metaspatial,bavaria,1-10,metaspatial.net
germany,2020,RSLKCpKlQQYiqRnAxLiyhQxrBAGD,information technology and services,linkedin.com/company/gauss-ml,stuttgart,gaussml,baden-württemberg,1-10,gauss-ml.com
germany,,XeUgo1ksZLDR6A7oVLVq9Q0PedKU,information technology and services,linkedin.com/company/elektro-service-heumann,hilpoltstein,elektro-service heumann,bavaria,1-10,elektro-heumann.eu
germany,,oqOJkNH8A2VhcBEf834WVgc6uXHU,information technology and services,linkedin.com/company/baremos-it-gmbh,berlin,baremos it gmbh,berlin,1-10,baremos.de
germany,2007,k27pCmJVmaX02c0EUpDXCQwn1dTQ,information technology and services,linkedin.com/company/stark-consulting,,stark consulting,berlin,51-200,starkinfo.org
germany,,kEHw23XZ83SYkaVAvCulbwPYcEzL,information technology and services,linkedin.com/company/exse-informationssysteme,gilching,exse informationssysteme,bavaria,1-10,exseteam2.de
germany,2007,2rdOD767muCYZFkl5S7IUghQo7Pq,information technology and services,linkedin.com/company/gkv-informatik,wuppertal,gkv informatik,north rhine-westphalia,501-1000,gkvi.de
germany,,bLfORUy5LlU0NeKfDBcxaQc1tooH,information technology and services,linkedin.com/company/breitenbach-software-engineering-gmbh,möhnesee,breitenbach software engineering gmbh,north rhine-westphalia,11-50,bb-sw.de
germany,2019,KmNcfButNh7Qs4pc5YBTOw6eqcIW,information technology and services,linkedin.com/company/level3-analytics,wuerzburg,level3 gmbh,bavaria,1-10,level3.ai
germany,,EmJssL1xti3gClYRbKTskgUrjdC6,information technology and services,linkedin.com/company/visual-data-gmbh,,visual-data gmbh,,1-10,visual-data.de
germany,2011,3wO6KQ3EJkBY2QsZgKnRiwJpepdj,information technology and services,linkedin.com/company/organisedminds,desloch,organisedminds,rhineland-palatinate,1-10,organisedminds.com
germany,2020,BSVz1Rk6sLHgid9mXsv9vQqFxBfH,information technology and services,linkedin.com/company/clarilab,frankfurt,clarilab,hesse,11-50,clarilab.de
germany,,NYfcB5Z029Gc4Qy4s207FAcXlwl6,information technology and services,linkedin.com/company/nas-networks-&-systems-gmbh-&-co.-kg,cologne,nas networks & systems gmbh & co. kg,north rhine-westphalia,11-50,nas-group.de
germany,2023,C1DXapeGwtypBr26U1kI2Qp6kiNM,information technology and services,linkedin.com/company/aideai,berlin,sqly.ai,berlin,1-10,sqly.ai
germany,2018,CCRJ88qY4r4emBYGBDUSLwpltT05,information technology and services,linkedin.com/company/ventevo-gmbh,hamburg,ventevo gmbh,hamburg,1-10,kompassapp.de
germany,,CEHDXz97NWYHiuU78iKeggUg7US4,information technology and services,linkedin.com/company/profbit-ug,hamburg,profbit ug,hamburg,1-10,profbit.com
germany,2021,1zrmwewBGYMtQHXXnXk6dAYUi53A,information technology and services,linkedin.com/company/wevwgmbh,wöbbelin,wevw gmbh & co. kg,mecklenburg-vorpommern,1-10,wärme-wöbbelin.de
germany,2015,IRkd3GWditCqtqOBM1MxGwdAwIPN,information technology and services,linkedin.com/company/werbas-innotec-gmbh,holzgerlingen,werbas innotec gmbh,baden-württemberg,1-10,werbasinnotec.com
germany,2018,X57LrgFTqdCFuBmzzH0EQw3c4tRj,information technology and services,linkedin.com/company/sdp-team,waiblingen,treeva,baden-württemberg,11-50,treeva.de
germany,2017,23yCMlqRt9syZYzbZirjIwG2Wyts,information technology and services,linkedin.com/company/kodilabs-gmbh,bordesholm,kodilabs gmbh,schleswig-holstein,11-50,kodilabs.net
germany,,qLQQegTuo5SYBnuerWBxpQiQhwfs,information technology and services,linkedin.com/company/payfit-de,berlin,payfit deutschland,berlin,11-50,
germany,,1aB5ksRtTae8Qbff5gcXMwPeRtrx,information technology and services,linkedin.com/company/pfleiderer-unternehmensverwaltung-gmbh-&-co-kg,neumarkt,pfleiderer unternehmensverwaltung gmbh & co.kg,bavaria,1-10,
germany,,j7qbt46OoKTZlq9MrZIkEArkO2YM,information technology and services,linkedin.com/company/l4s-it,aschaffenburg,l4s it-systemlösungen gmbh,bavaria,11-50,l4s-it.de
germany,,javEGBKacO1RY1pCiSAZCg6y1AXm,information technology and services,linkedin.com/company/kleinpeter-it-business-solutions,sinsheim,kleinpeter it-business solutions,baden-württemberg,11-50,kleinpeter-it.de
germany,2009,X4P0AtCQ8eA7jvPdPl7gnwSVRRi2,information technology and services,linkedin.com/company/marcus-ottersberg-it-kommunikationstechnik,stuttgart,marcus ottersberg it & kommunikationstechnik,baden-württemberg,1-10,ottersberg-it.de
germany,2012,yTV5PavTTBNFoNJrC9fhpgSLBJrQ,information technology and services,linkedin.com/company/seeberg-solutions-gmbh,friedberg,seeberg solutions gmbh,bavaria,1-10,inbehandlung.de
germany,,EYx5T0gZCGsBY9tlcLViMgKod3yS,information technology and services,linkedin.com/company/ideen-und-soft-eitelbuß,riederich,ideen und soft eitelbuß,baden-württemberg,1-10,ideenundsoft.de
germany,2017,YbhKWjLDqGUBNqmcs5LkVw8jjvbi,information technology and services,linkedin.com/company/evamode,altmannstein,evamode,bavaria,1-10,evamode.de
germany,,LXqE9ZZvBwckd5Y0H7MfGgsO9QDF,information technology and services,linkedin.com/company/agos-weener-gmbh,weener,agos weener gmbh,lower saxony,1-10,agos.homepage.t-online.de
germany,,vsbN1y7ucjxIStl5ch75Kw8iWa2W,information technology and services,linkedin.com/company/infodesign-consulting-gmbh,pinneberg,infodesign consulting gmbh,schleswig-holstein,1-10,idconsulting.de
germany,,DeQCqS1L3e92VHLoKKj0rQmfHq8n,information technology and services,linkedin.com/company/vater-holding-gmbh,schwentinental,vater holding gmbh,schleswig-holstein,11-50,
germany,,0xXH8gfFgozvz7MzBTt7FwK6wa3A,information technology and services,linkedin.com/company/conxpert,bremen,conxpert,bremen,1-10,
germany,2009,bbR616PHRQLMCfdHs23bFw37Gq3o,information technology and services,linkedin.com/company/itcgmbh,munich,itc gmbh,bavaria,11-50,itc-gmbh.eu
germany,2020,xxTPxVnPqCBuCTLs02L9tAAc1aLV,information technology and services,linkedin.com/company/codesphere-inc,karlsruhe,codesphere,baden-württemberg,11-50,codesphere.com
germany,,pHkIx5IUrFIMfmB23GtpZA9y3QXo,information technology and services,linkedin.com/company/carl-zeiss-meditec-systems,jena,carl zeiss meditec systems,thuringia,1-10,
germany,1972,sKdvtFRGdxokbdFxO9KUCwuSWpDd,information technology and services,linkedin.com/company/gmp-ingenieure-gmbh-für-tragwerksplanung,sankt wendel,gmp ingenieure gmbh für tragwerksplanung,saarland,11-50,gmp-ing.de
germany,2011,MIZ5rqAl7BUoudqvuCNYmQLwZMbL,information technology and services,linkedin.com/company/smc-global-service-gmbh,wuerzburg,smc global service gmbh,bavaria,1-10,outsourcing-info.com
germany,,m3TH3tVMEOBXRgQDkC1cLQ1Rd800,information technology and services,linkedin.com/company/dual-relocation-gmbh,frankfurt,dual relocation gmbh,hesse,1-10,dual-relocation.com
germany,,GOfAoRWIWdUyMgxAyocPAAbMDD5Y,information technology and services,linkedin.com/company/lutz-alke,obergurig,lutz alke,saxony,1-10,catharina-berndt.de
germany,1996,YePQ2YoTeRDL6SO6CvMWkQWNPBJw,information technology and services,linkedin.com/company/ontrackde,böblingen,ontrackde,baden-württemberg,51-200,
germany,,UvBxTLHbKT3eaCYPV39CCgXAZIwO,information technology and services,linkedin.com/company/bürohaus-feuerstein-gmbh,baden-baden,bürohaus feuerstein gmbh,baden-württemberg,1-10,buerohaus-feuerstein.de
germany,2019,cCdcV5XPfVtLEDCwibBZBgqi0Jx6,information technology and services,linkedin.com/company/nelta-confidence-for-your-it,hamburg,nelta,hamburg,51-200,nelta.de
germany,,KdWVWJPxr4XUHYVs2Ftb7g1hFpey,information technology and services,linkedin.com/company/msje-digital-gmbh,wachsenburg,msje digital gmbh,thuringia,1-10,msje-digital.de
germany,2010,a4nQXkEIrfnYzgnXj1u9cwzCHT26,information technology and services,linkedin.com/company/küstenschmiede-gmbh-software-&-design,jever,küstenschmiede,lower saxony,1-10,kuestenschmiede.de
germany,1998,TrOp7Ax0i7nk6BQMvtC4MwYCRn4P,information technology and services,linkedin.com/company/enno-consulting-gmbh,oberhausen,enno consulting gmbh,north rhine-westphalia,1-10,enno.de
germany,,nu6a1LxIomPZEBYvIe3wCg3ANn7e,information technology and services,linkedin.com/company/cedis-gmbh,sindelfingen,cedis gmbh,baden-württemberg,1-10,cedis.de
germany,,3C6eDzJ3LS3kHPCJphwIzgMsXlMT,information technology and services,linkedin.com/company/meona-gmbh,freiburg im breisgau,meona gmbh,baden-württemberg,51-200,
germany,,BC1ssVptUvg56FZbC2Cueww1EuWr,information technology and services,linkedin.com/company/ameise-im-pc,schwaförden,ameise im pc,lower saxony,1-10,ameise-im-pc.de
germany,2017,DvUotaHIZGGK2CcCy5HkJQr61Faa,information technology and services,linkedin.com/company/endless-webservices,bremen,endless webservices,bremen,1-10,endless-webservices.de
germany,2006,mCpnPwQqzyD0oeeV2vnC2AUsfkOj,information technology and services,linkedin.com/company/it-service-johannsen,hamburg,it-service johannsen,hamburg,51-200,its-johannsen.de
germany,1984,Hmxzug0PgyrAFMfaH5CZAwe2WP2Z,information technology and services,linkedin.com/company/loesch-und-partner-gmbh,munich,lösch & partner gmbh projektmanagement & it-consulting,bavaria,51-200,loesch.de
germany,,qCjpkCxgdHxJzQ3WC7JvQw6qBJ2A,information technology and services,linkedin.com/company/bignet---services,ravensburg,bignet - services,baden-württemberg,1-10,bignet.de
germany,2018,3hN1nTpX27Z0T5EJBZXHXQESszDA,information technology and services,linkedin.com/company/parasus,walldorf,parasus,baden-württemberg,11-50,parasus.com
germany,,q8lBxG1UJnaY6MCFoKRQiAtmjiFo,information technology and services,linkedin.com/company/effcom-gesellschaft-für-effective-pc--kommunikation-mbh,bodman-ludwigshafen,effcom gesellschaft für effective pc- kommunikation mbh,baden-württemberg,1-10,
germany,,91CBVGfo3lAKlkOtF94XqAhZGO0F,information technology and services,linkedin.com/company/grifone-edv,betzdorf,grifone edv,rhineland-palatinate,1-10,grifone.de
germany,2005,Z28cHN8FPvINskGhreDwGwkyuVlq,information technology and services,linkedin.com/company/casscom-it-solutions-services,filderstadt,casscom it-solutions & services,baden-württemberg,1-10,
germany,,ulU0p9I82GedOSJ9SH39gwYuqo50,information technology and services,linkedin.com/company/top-visions,zirndorf,top-visions,bavaria,1-10,firmenabc.de
germany,,6ZNQJJrzAkNZZW9y8dYvEQqu6HI9,information technology and services,linkedin.com/company/kronauer.net,dreieich,kronauer.net,hesse,1-10,kronauer.net
germany,,x2p52WjKwAVK0FDVdLX9GQQuecgE,information technology and services,linkedin.com/company/tech-prax-gmbh,oldenburg,tech-prax gmbh,lower saxony,1-10,techprax.de
germany,,hn5XyLyXQHxQ3xdpU5q0DQ9uYlCe,information technology and services,linkedin.com/company/kumatronik,ravensburg,kumatronik,baden-württemberg,1-10,
germany,1992,LdL02p4iPNY6hD700BB8pwCqn0uA,information technology and services,linkedin.com/company/imperial-retail-software-gmbh,oberhausen,imperial retail software gmbh,north rhine-westphalia,1-10,
germany,,WG04GFlBoNDQjRSMdQdSLQU86fBK,information technology and services,linkedin.com/company/eunetics,mülheim an der ruhr,eunetics,north rhine-westphalia,1-10,eunetics.de
germany,,xJFq1QBmcVQlgddZuqempAN08zhV,information technology and services,linkedin.com/company/systemhaus-für-innovative-edv--lösungen-brandenburg-havel,brandenburg,systemhaus für innovative edv- lösungen brandenburg/havel,brandenburg,1-10,
germany,1999,i0CUtvueEFlNUwO3WKZsCQY5Eavt,information technology and services,linkedin.com/company/maclegmbh,goch,macle gmbh,north rhine-westphalia,51-200,macle.com
germany,,8Ht5JNnkX3oHwuVRCM1wvwFSmxyF,information technology and services,linkedin.com/company/duo-trade-gmbh,hamburg,duo-trade gmbh,hamburg,1-10,duo-trade.de
germany,,bzBNqBGPPJdujRg0GDLmTweOF5CM,information technology and services,linkedin.com/company/friseursalon-astrid,darmstadt,friseursalon astrid,hesse,1-10,salon-astrid.de
germany,1969,dEhW6F1VmTcKVSsY39gPrQeWErYz,information technology and services,linkedin.com/company/itdz-berlin,berlin,it-dienstleistungszentrum berlin,berlin,1001-5000,itdz-berlin.de
germany,2001,3uhssiuRCXcFtPrqJa0fLQpu1pyr,information technology and services,linkedin.com/company/lecos-gmbh,leipzig,lecos gmbh,saxony,201-500,lecos.de
germany,2023,JJYJKBiyNtTGeP1VsyJBFgrkQeo8,information technology and services,linkedin.com/company/accompio,einbeck,accompio,lower saxony,201-500,
germany,2020,dtAcYTJPQZUx06FLy2DkEwMjjgYF,information technology and services,linkedin.com/company/panopterra,nuremberg,panopterra,bavaria,1-10,panopterra.com
germany,2001,PkjP28BcAPLoJD4xsNdVtg6cL81s,information technology and services,linkedin.com/company/tcpos-gmbh,völklingen,tcpos gmbh,saarland,11-50,
germany,2009,erkMSDfSMD6IflVg9OaqqgtS8vQw,information technology and services,linkedin.com/company/simply-x-gmbh,bad gandersheim,simply-x gmbh,lower saxony,11-50,
germany,2015,zyBSV8Kz16Lcftu6Q5ER1wU3iarq,information technology and services,linkedin.com/company/gravit-gmbh,nuremberg,gravit gmbh,bavaria,11-50,gravit.io
germany,2011,0BRs3TO2MwY9asvbCNUxig72lrgC,information technology and services,linkedin.com/company/bechtle-it-systemhaus-hamburg-kiel,hamburg,bechtle it-systemhaus hamburg/kiel,hamburg,501-1000,
germany,1997,DOC75EWlzjisj1QdBVpxHwYh4Maf,information technology and services,linkedin.com/company/matoma,trossingen,matoma gmbh,baden-württemberg,11-50,matoma.de
germany,2016,LiFpIPESCyMe0TgZH3iCCA1Hy2DI,information technology and services,linkedin.com/company/6-degrees-app,munich,6-degrees,bavaria,1-10,6-deg.com
germany,2003,Dz6UyM0U4M7FpXOe6U12twsga1AH,information technology and services,linkedin.com/company/innocate-solutions-gmbh,düsseldorf,innocate solutions gmbh,north rhine-westphalia,11-50,
germany,,iM6XuMozgXA8VW3PTYcvVwFOtewD,information technology and services,linkedin.com/company/topjects-ag,munich,topjects ag,bavaria,201-500,topjects.de
germany,2020,VPamm180Clf7ykhISz3p9AXnkVGU,information technology and services,linkedin.com/company/cs-plan,dresden,cs plan,saxony,1-10,csplan.eu
germany,1973,omdfKfyzRL61MFMGEO9KTA5Kb8Tw,information technology and services,linkedin.com/company/ibs-sbresny,,ibs sbresny gmbh & co. kg,,51-200,
germany,2018,oKl2GQmL3PCaR4ilPoNBhQMtJRfV,information technology and services,linkedin.com/company/tokenomos,schöneiche bei berlin,tokenomos,brandenburg,1-10,
germany,2005,W2DZJCeqYO7UgtbleNKCrQRDlGft,information technology and services,linkedin.com/company/imilia-interactive-mobile-applications,berlin,imilia interactive mobile applications,berlin,11-50,timerbee.com
germany,2021,IMni36ygtGTT2X2fUw4GzgEevsmA,information technology and services,linkedin.com/company/adey-meselesh,munich,adey meselesh gmbh,bavaria,11-50,adey-meselesh.de
germany,2022,UpRBKbLxBSyJ1fa1ogxbMAwAstRg,information technology and services,linkedin.com/company/aqupe-gmbh,weingarten,aqupe gmbh,baden-württemberg,1-10,aqupe.de
germany,,k65q6CZpW7AEwT8vQFNuNA0I7oyS,information technology and services,linkedin.com/company/the-cloud-agency,,the cloud agency,,1-10,thecloudagency.de
germany,,OASY9UeWic0lSQPZwsvBxQJ7iqnR,information technology and services,linkedin.com/company/b.i.c.-jens-bröking,schwelm,b.i.c. jens bröking,north rhine-westphalia,1-10,b-itcon.de
germany,,4iHXExGUCAxIdt5Qr6H1bAzCJJyY,information technology and services,linkedin.com/company/itizzimo-ag,wuerzburg,itizzimo ag,bavaria,51-200,
germany,2024,txgJ0dhIATCRSpwhMzwQ8w8gnvHM,information technology and services,linkedin.com/company/clarity-solutions-gmbh-co-kg,unna,clarity solutions gmbh & co. kg,north rhine-westphalia,1-10,clarity-solutions.de
germany,,2PfJA54bmpNEmSNMDRzZQQXbBQD3,information technology and services,linkedin.com/company/heise-elektrotechnik,wulften,heise elektrotechnik,lower saxony,1-10,heise-elektrotechnik.de
germany,,ImvCTxS8XXoNALBbmCErmgId873X,information technology and services,linkedin.com/company/klostein,nuremberg,klostein,bavaria,1-10,klostein.com
germany,,sPvATiNfoRegWlqkM1rMpQWI5MaF,information technology and services,linkedin.com/company/digitalstarten,fulda,sh digital starten gmbh,hesse,1-10,digitalstarten.de
germany,,xUjLV5W10UZa1dQfxNIVEAXWgj4x,information technology and services,linkedin.com/company/computer-servicewerkstatt,kreuzwertheim,computer servicewerkstatt,bavaria,1-10,cosewe.de
germany,,aL3gpBzN3igmC4Beyui0pQew58cZ,information technology and services,linkedin.com/company/public-germany,berlin,public germany,berlin,11-50,
germany,2003,1AD3OZVYwX10paflVV3TDweomGnt,information technology and services,linkedin.com/company/berufsakademie-für-it-und-wirtschaft,oldenburg,berufsakademie für it und wirtschaft,lower saxony,1-10,ba-oldenburg.de
germany,,6ajfgCTOcwL16hM3EVCIMAU3IUmD,information technology and services,linkedin.com/company/comdat-edv-systeme,unna,comdat edv-systeme,north rhine-westphalia,1-10,comdat-edv.de
germany,2019,VMK8A3VQDoGtBXjzPZsGXQofp2T1,information technology and services,linkedin.com/company/nextgenbusinesscouncil,berlin,nextgen business council,berlin,11-50,nextgenbusinesscouncil.com
germany,,urisD0ip7lAAGmFF72PAqQAOVKn6,information technology and services,linkedin.com/company/herter,stuttgart,herter,baden-württemberg,1-10,entruempelungsdienst-stuttgart.de
germany,,UROjYzldoULA07skscTIOQO2yaU8,information technology and services,linkedin.com/company/msenkpiel,berlin,msenkpiel | development & design,berlin,1-10,msenkpiel.de
germany,1996,0T3SKRKlVmq0fCId0srqOAnRAwpO,information technology and services,linkedin.com/company/b-k-cad-cam-unternehmensberatung-gmbh,braunschweig,b+k cad/cam unternehmensberatung gmbh,lower saxony,1-10,
germany,1998,CX5KQdQntE9nBkN9DZxhIAeIoJSI,information technology and services,linkedin.com/company/7thsense-gmbh,reutlingen,7thsense gmbh,baden-württemberg,11-50,7thsense.de
germany,2017,UEWkncDAC0DTSsBBKhT5mA0ZWWqY,information technology and services,linkedin.com/company/d-centurio,hanau,d-centurio,hesse,1-10,d-centurio.de
germany,2018,mktzybsm1p7NyM20vhnozgCc04cL,information technology and services,linkedin.com/company/scanbooster,stuttgart,scanbooster ug (haftungsbeschränkt),baden-württemberg,1-10,scanbooster.com
germany,,WwauAUJMbDC3j4gUBWXzGQnRfhK7,information technology and services,linkedin.com/company/twins-tech,halle,twins,saxony-anhalt,1-10,
germany,2007,YHPNIiAoqzrOCCSjk8CJRgr69I9b,information technology and services,linkedin.com/company/heidelberg-mobil-international,heidelberg,flowcate,baden-württemberg,11-50,flowcate.com
germany,1995,GedPbVS7aofPsd1SNAzjuws2tQEy,information technology and services,linkedin.com/company/all-for-one-sap-erp-sap-services,filderstadt,all for one steeb,baden-württemberg,1001-5000,allforonesteeb.com
germany,2011,Wx0ZhmdECSH8RVUx1qAuaQcDVPvi,information technology and services,linkedin.com/company/quicklizard,münchen,quicklizard,bavaria,51-200,quicklizard.com
germany,2023,62YJ8NigwCnfhBcmeSQGZQ0m1KOF,information technology and services,linkedin.com/company/ikosia,berlin,ikosia,berlin,1-10,ikosia.de
germany,2019,uzx1EVDLrp2iq7B6aXU1KwdkVYUR,information technology and services,linkedin.com/company/scorpion-tc-gmbh-co-kg,selm,scorpion tc gmbh & co. kg,north rhine-westphalia,51-200,scorpion-tc.de
germany,,JW7oyAuWw7KuPow0lWi0aQBshbIF,information technology and services,linkedin.com/company/albert-müller,rülzheim,albert müller,rhineland-palatinate,1-10,mueller-brillen.de
germany,,PNKC1YgMYuRjFXEgAZtstgBdttFD,information technology and services,linkedin.com/company/computrade-networks,reutlingen,computrade networks,baden-württemberg,1-10,computrade-networks.de
germany,,ChQBBASOzXxIPgcQoLphDwO0K6CH,information technology and services,linkedin.com/company/geo-data-systems,westhausen,geo data systems,baden-württemberg,1-10,
germany,2009,eZXEyOahWIFSFOhNJSlo8QIp5bOj,information technology and services,linkedin.com/company/valucon-apps-gmbh,munich,valucon apps gmbh,bavaria,11-50,valucon.de
germany,2024,XQJWhnfMvZ6nhDEIFOd5TQbZNnOV,information technology and services,linkedin.com/company/keyone-ecommerce,bad homburg,keyone,hesse,11-50,keyone.me
germany,,py8O3XEkHTPUub37mKs4WAEhxT64,information technology and services,linkedin.com/company/xflyer-gmbh-&-co-kg,werther,xflyer gmbh & co kg,north rhine-westphalia,1-10,xflyer.de
germany,2022,gC4TPSAYVoQwDQAIn5fxBw7kPqhS,information technology and services,linkedin.com/company/simchronize,bielefeld,simchronize,north rhine-westphalia,1-10,simchronize.net
germany,,xO5tDdYWitmBCx490EPYXwauezjQ,information technology and services,linkedin.com/company/bergisch-ecommerce-gmbh,burscheid,bergisch ecommerce gmbh,north rhine-westphalia,1-10,bergisch-ecommerce.de
germany,2005,OB171DQQjopXQdv0G2kclQqzDx0P,information technology and services,linkedin.com/company/hateco-de,osnabrück,hateco.de,lower saxony,1-10,hateco.de
germany,2023,o0vL3BQ4CJ3aclcY6eLBYAROfFlc,information technology and services,linkedin.com/company/upskillr-de,cologne,upskillr,north rhine-westphalia,1-10,upskillr.de
germany,2015,2uBgSvJjdU5TD19CCDIeagRAhSFO,information technology and services,linkedin.com/company/delta-venture-builder,,the delta,berlin,201-500,thedelta.io
germany,2013,2VJ0LbDnpGwIwoWOEIRcfgeQZorV,information technology and services,linkedin.com/company/x-dream-media-gmbh,hohenbrunn,x-dream-media gmbh,bavaria,1-10,x-dream-media.com
germany,2023,Kw9Ho6Qywovz7uRcSTon8g268GAp,information technology and services,linkedin.com/company/compakt-gmbh,bensheim,compakt gmbh,hesse,1-10,com-pakt.de
germany,,BcMV556BCyEBrRM1g4PzBAt6cHfJ,information technology and services,linkedin.com/company/hhips-hoffmann-&-hoffmann-gbr,,hhips hoffmann & hoffmann gbr,,1-10,hhips.de
germany,2021,wQ3d00BOtoLIC8J9v1WfHANrc0d1,information technology and services,linkedin.com/company/devacy,braunschweig,devacy gbr,lower saxony,1-10,devacy.de
germany,1997,K6SCmekIm7OyNdaDyB9Zhwa4Kyck,information technology and services,linkedin.com/company/ingenieurbüro-ulherr-gmbh,neusäß,ingenieurbüro ulherr gmbh,bavaria,51-200,
germany,2020,jICtfX4BGNkQB2WPPF9hiQXKxZ1R,information technology and services,linkedin.com/company/quaind,koblenz,quaind,rhineland-palatinate,1-10,quaind.com
germany,,xT53geZWI4l6D47yMDy3QQeZyTTW,information technology and services,linkedin.com/company/it.pur-rhein-sieg,siegburg,it.pur rhein sieg,north rhine-westphalia,1-10,
germany,,mVssiJXCB8EoEvq4LWmEuQf0gsTo,information technology and services,linkedin.com/company/carrida-technologies-gmbh,ettlingen,carrida technologies gmbh,baden-württemberg,1-10,carrida-technologies.com
germany,2023,oh2Jvl69Zj2MRicKVVc85wgLCCVw,information technology and services,linkedin.com/company/quantilio-gmbh,bad soden am taunus,quantilio gmbh,hesse,1-10,quantilio.de
germany,2014,0Pomnnh2oWyRglNiJjiLegT8Kpz1,information technology and services,linkedin.com/company/ovisconsulting,berlin,ovis it consulting gmbh,berlin,11-50,ovis-it.de
germany,2017,HyUHhP2TJcXnofYMR4EyDwq8cfUj,information technology and services,linkedin.com/company/antegongmbh,münster,antegon®,north rhine-westphalia,1-10,
germany,2019,Si5v41XahtNzQKPh2afC1wLjuP5T,information technology and services,linkedin.com/company/the-whykings-gmbh,munich,the whykings gmbh,bavaria,1-10,thewhykings.com
germany,1990,vxVNWgKWoDnBskzW2Cm7vQRqHGDi,information technology and services,linkedin.com/company/geograt-informationssystem-gmbh,nuremberg,geograt,bavaria,11-50,geograt.de
germany,2017,q4IgQBUu4BA1MapICMg2BgUx9u3v,information technology and services,linkedin.com/company/gartendev,dortmund,garten.dev,north rhine-westphalia,1-10,garten.dev
germany,2024,k5YtNiImAep18GDfeUJxoQtUB2ZR,information technology and services,linkedin.com/company/sg-vipion,osnabrück,sg vipion gmbh,lower saxony,51-200,vipion.de
germany,,eZJ64MMDRtUrA1gKpWJgPwn9eLLc,information technology and services,linkedin.com/company/hard--und-software-partner-gmbh,agathenburg,hard- und software partner gmbh,lower saxony,1-10,
germany,2002,4o8Owwh66y2BO1VumBtOGgigJb5q,information technology and services,linkedin.com/company/weracon-gesellschaft-für-business-services-mbh,baldham,weracon gesellschaft für business services mbh,bavaria,1-10,
germany,2021,BN4BOCgD9mEuecZ9g0Pk1g0cPM5U,information technology and services,linkedin.com/company/emolve,,emolve,,1-10,
germany,2023,BTLoHCNahtTQDTCVN121cwEQKSHi,information technology and services,linkedin.com/company/mmwalther,düsseldorf,mmwalther it consulting,north rhine-westphalia,1-10,mmwalther.de
germany,2020,67O9mI1R4od24jiRiwH1cg0Gg31Y,information technology and services,linkedin.com/company/diokles,munich,diokles,bavaria,11-50,diokles.de
germany,2018,Vi3YIDdAWP4KbZ3ra0Z4LgejiyBR,information technology and services,linkedin.com/company/first-order-gmbh,munich,first order gmbh,bavaria,1-10,firstorder.io
germany,2021,OVqtBLT2pZlI363dmggP5QTItUMx,information technology and services,linkedin.com/company/metys-consulting,gräfelfing,metys gmbh,bavaria,1-10,
germany,,fV2yF2XzKkzYz1MWA0DjBQVHvfs3,information technology and services,linkedin.com/company/time-magazines-europe-ltd-,ismaning,time magazines europe ltd.,bavaria,11-50,
germany,2020,qJHgjbsDcTOfbnmg4Vj3OgvRe5Kz,information technology and services,linkedin.com/company/hack-consulting-de,eching,hack consulting,bavaria,1-10,hack-consulting.de
germany,,oWBrXRgx9yHK2HByNWQiQQzKFYFK,information technology and services,linkedin.com/company/verbally-gmbh,berlin,verbally,berlin,1-10,verbally.de
germany,,Us3WM4Yb4iIjQwgq8BjjfAsUHpQl,information technology and services,linkedin.com/company/cognei-consulting-gmbh,kirchardt,cognei consulting gmbh,baden-württemberg,1-10,cognei.de
germany,2021,xI4hn9fUKvgGvyK3fpZQXgVNqoDK,information technology and services,linkedin.com/company/nbitconsulting,frankfurt,nbit gmbh,hesse,1-10,nbit-consulting.de
germany,2023,iLnIOAg7BMPVJUBVln5NtwrnwT5Q,information technology and services,linkedin.com/company/ciata-io,berlin,ciata,berlin,1-10,ciata.io
germany,,p4CQZPpl5hB4y28BwXOcdQBAHLTU,information technology and services,linkedin.com/company/externa-it,saarbrücken,externa-it,saarland,1-10,externa-it.de
germany,1999,CEAVaJoBd8WNmwxAhIaW6QqfF6I5,information technology and services,linkedin.com/company/smotive-gmbh,böblingen,smotive gmbh,baden-württemberg,11-50,smotive.de
germany,2000,Mcf6kHElBZjuUcBMAtB5lAVGDOGr,information technology and services,linkedin.com/company/objektkultur-software-gmbh,karlsruhe,objektkultur software gmbh,baden-württemberg,51-200,objektkultur.de
germany,,2AfPF7CPugy1iWCKdQSFSQJ0uz2B,information technology and services,linkedin.com/company/pip-it-consulting,hille,pip it-consulting,north rhine-westphalia,11-50,pippirs.de
germany,,JIIZgzhYyTXRATKtCMSWsQuSWTZ6,information technology and services,linkedin.com/company/km-solutions-gmbh,hamburg,km solutions gmbh,hamburg,1-10,km-solutions.com
germany,2016,oQaXH0wNXQnrb52xHdcB9QN5eBcD,information technology and services,linkedin.com/company/pododesk-gmbh,neuenbürg,pododesk gmbh,baden-württemberg,1-10,pododesk.de
germany,,zZq5IZ3jcSfrWCicxHGQUQqZl6Tj,information technology and services,linkedin.com/company/synflow-gmbh,altenberge,synflow gmbh,north rhine-westphalia,11-50,synflow.de
germany,,fil6gQiHtdipK9HfNBzecw3H47m3,information technology and services,linkedin.com/company/more-projects,hamburg,more projects,hamburg,1-10,
germany,2007,SgNkXh3LttuZlz7j3IMcUQsniIxG,information technology and services,linkedin.com/company/cube33-gmbh,leonberg,cube33 gmbh,baden-württemberg,11-50,cube33.de
germany,,ZzkLYF4oN9QTMMCGqTQpdQ7uFOKB,information technology and services,linkedin.com/company/infrakit-deutschland,oberursel,infrakit deutschland,hesse,11-50,
germany,1999,dRdzrJ2txrPcYOa4m5F3RAFdvqvU,information technology and services,linkedin.com/company/krings-&-schuh-gmbh-new-media-business,giengen an der brenz,krings & schuh gmbh new media business,baden-württemberg,1-10,
germany,2017,U2yCMk7Gm87UzLl1CroMLQ3dKGFr,information technology and services,linkedin.com/company/ur-important,berlin,ur important,berlin,1-10,ur-important.com
germany,,W1VbHH4oFEtyPXT5xCyPCwLqJN0t,information technology and services,linkedin.com/company/dataline-gmbh,trier,dataline gmbh,rhineland-palatinate,51-200,dataline.de
germany,2015,kUS06OulEiOgFi0055z7lgSNwkYs,information technology and services,linkedin.com/company/exmedio,berlin,exmedio,berlin,1-10,exmedio.com
germany,2010,r8UXQ3eqTGti9GpGSdYM6g7Eenro,information technology and services,linkedin.com/company/ai-gruppe,bochum,ai-gruppe,north rhine-westphalia,11-50,gruppe.ai
germany,2024,0Qzp1IqIkpvMCdWdqNFv2ARjTlU6,information technology and services,linkedin.com/company/enprout,aachen,enprout gmbh,north rhine-westphalia,1-10,enprout.de
germany,2007,hdTuCn3Ux5Y4jEW2gtcajgjL6ISf,information technology and services,linkedin.com/company/betulatech-kg,cologne,betulatech kg,north rhine-westphalia,1-10,
germany,,qud593mKbTcfBBo7iC0l8Qnrj6qi,information technology and services,linkedin.com/company/reparaturprofis,bremen,reparatur profis,bremen,11-50,reparaturen-profis.de
germany,,WpKvmMucLChAi5Y97N2tkgexUDmb,information technology and services,linkedin.com/company/sanitätshaus-winkler-gmbh,ludwigshafen,sanitätshaus winkler gmbh,rhineland-palatinate,11-50,sanitaetshaus-winkler.de
germany,2021,qDHQpBvwbGpKC4m0K9lCkQqknl0O,information technology and services,linkedin.com/company/eubex-gmbh-co-kg,berlin,eubex gmbh & co kg,berlin,1-10,eubex.com
germany,,zf0shYp4bZ9H7IBSYWu2fQhp73Pk,information technology and services,linkedin.com/company/wiwi-media,hamburg,wiwi-media,hamburg,1-10,
germany,,7N1IvwnDcaKEAme2V32s4wpt1VIi,information technology and services,linkedin.com/company/contio---internetdienstleistungen,bitburg,contio - internetdienstleistungen,rhineland-palatinate,1-10,contio.eu
germany,2020,XLo6s91f1rjlkQWpjBLiWQjKDS9h,information technology and services,linkedin.com/company/praxis-marketing-design,mittenwald,praxis.marketing.design,bavaria,1-10,praxis-marketing-design.de
germany,,zdI7q9lBNZ1wiGKcG2bDggf8kEqz,information technology and services,linkedin.com/company/jes-janssen-edv-schulung-und-beratung-gmbh,berlin,jes janssen edv schulung und beratung gmbh,berlin,11-50,jes-seminar.de
germany,2018,gAQJt1tn3pmCPyH4FXhbrA3GuNmP,information technology and services,linkedin.com/company/datawhizz,ismaning,datawhizz,bavaria,1-10,datawhizz.io
germany,2012,RA81O2sACYa3puA7I7mzuAIwDFum,information technology and services,linkedin.com/company/ohone,schopfheim,oh´one,baden-württemberg,1-10,ohone.de
germany,2021,wkvFbWsRUjb8oE3GkBn8BADStB8q,information technology and services,linkedin.com/company/mulitpleitsupportservices,over,multiplier it support services,lower saxony,11-50,multiplieriss.com
germany,,U4akfyyEDe0FgGK7BjhzOQUjgHQj,information technology and services,linkedin.com/company/it-consulting-bernd-juedes,,it consulting bernd juedes,,1-10,itconsulting-net.de
germany,,d7BMwdmdd42RGaRrWDgCKQi1Sz2I,information technology and services,linkedin.com/company/elektrohaus-zimmerly,augsburg,elektrohaus zimmerly,bavaria,1-10,
germany,2001,CH4CIVHccxWT6HFoBqlIUgvjBBCy,information technology and services,linkedin.com/company/get-information-technology-gmbh,düsseldorf,get information technology gmbh,north rhine-westphalia,51-200,myget-it.com
germany,,DDaUGTioqagw5kkABhgeew5xGJWz,information technology and services,linkedin.com/company/cd-lab-nürnberg-dipl.-photoing.-ed-gartner-archivierungsmanagement,nuremberg,"cd-lab nürnberg, dipl.-photoing. ed gartner archivierungsmanagement",bavaria,1-10,cd-lab.de
germany,2022,QCfWobVXeaG1J96km4pzcwyp3YzM,information technology and services,linkedin.com/company/mirrored,,mirrored,,1-10,mirrored.digital
germany,2024,qwrsO9fdNxfi8XBC1FVr7AmaucvI,information technology and services,linkedin.com/company/awareo,berlin,awareo,berlin,1-10,awareo.io
germany,2018,x1XikGAcqvdwrG8wM1z9awCcCQZy,information technology and services,linkedin.com/company/jma-maschinendata-gmbh,hannover,jma maschinendata gmbh,lower saxony,1-10,jma-dsm.de
germany,,34PEM0DyD4zn3IXBcJgbjwYbZV1K,information technology and services,linkedin.com/company/ballyhoo-werbeagentur-gmbh,hamburg,ballyhoo. werbeagentur gmbh,hamburg,11-50,
germany,2021,ZX2o5CMFwXYUB6kFM0Ae9wyU4B1B,information technology and services,linkedin.com/company/smartrsolutions,jülich,smartr.solutions,north rhine-westphalia,11-50,smartr.solutions
germany,2019,CzfQRn79AHJMauwfO5mjfwBGHxy4,information technology and services,linkedin.com/company/qbilon-gmbh,augsburg,qbilon gmbh,bavaria,11-50,qbilon.io
germany,1996,IXQxcOItshNpD5CFLN2OEASTF4Q9,information technology and services,linkedin.com/company/syscon-unternehmensberatungsges-mbh,erlangen,syscon unternehmensberatungsges. mbh,bavaria,11-50,syscon-online.com
germany,,2tC9P8RvngYPeNqDwTc9NQ2NKUQf,information technology and services,linkedin.com/company/51bytes,wuerzburg,51bytes,bavaria,1-10,byte51.de
germany,,2yCydqrQ0CShe6YTsECrRQLTaXeA,information technology and services,linkedin.com/company/it-service-scherer,kirchheim unter teck,it service scherer,baden-württemberg,1-10,it-service-scherer.de
germany,2010,Ck48KUpQGCsBo35DXVQi2wzgb3p7,information technology and services,linkedin.com/company/strategion-gmbh,saarbrücken,strategion gmbh,saarland,11-50,strategion.de
germany,,Vm65jSxQ1GDaYHXJAktz9Q67DveI,information technology and services,linkedin.com/company/k2m-it-solutions-gmbh,ulm,k2m it solutions gmbh,baden-württemberg,1-10,k2m-it.de
germany,2015,KhOKKHi1pAs4ZHCY56XCcwClPFKZ,information technology and services,linkedin.com/company/caretelligence,mülheim,caretelligence gmbh,north rhine-westphalia,1-10,caretelligence.de
germany,2015,vo1xqAQhfFCy7SwK7UI9hgErmqyQ,information technology and services,linkedin.com/company/hawkintech,neustadt an der aisch,hawk intelligent technologies gmbh,bavaria,11-50,hawk-intech.com
germany,2019,rXEIXWYJVxmkBqTnqJPpDgHaW8k2,information technology and services,linkedin.com/company/tryff,aachen,tryff,north rhine-westphalia,1-10,tryff.de
germany,2006,lr55qY8EjF79KxWj2tP0CAKwuTEq,information technology and services,linkedin.com/company/data-in-transit,bonn,data in transit gmbh,north rhine-westphalia,11-50,dataintransit.com
germany,,WAhXiZePjhJfrYoQTkUtDga0Ouef,information technology and services,linkedin.com/company/hoff-computersysteme,dresden,hoff computersysteme,saxony,1-10,hoff-computersysteme.de
germany,,FFobqJXMSnuHZC4zACC6qwR2yjfk,information technology and services,linkedin.com/company/tfsn-consulting,gernsbach,tfsn-consulting,baden-württemberg,1-10,tfsn-consulting.de
germany,2014,9GRnD0cdDuCj7dWxILAArwd1FM75,information technology and services,linkedin.com/company/litus-it-service,bensheim,litus - lundberg it & service,hesse,1-10,litus-it.de
germany,,Ekkpa2BAK63GbFIilEPFLw5tGuqx,information technology and services,linkedin.com/company/empathic-systemizing,marquartstein,empathic systemizing - leading through change,bavaria,1-10,empathicsystemizing.com
germany,2014,orHd75w0qTT30ktKfJzDHQIrLa3j,information technology and services,linkedin.com/company/computer-reparatur-service-crs-dresden,dresden,computer reparatur service crs dresden,saxony,1-10,home.lc
germany,2017,NZzOABuRR78CdLJOEiBKygAvfPv8,information technology and services,linkedin.com/company/gict,frankfurt,global institute for cybersecurity technologies,hesse,1-10,gict.tech
germany,2018,j2HY62caEwZ4zUGZMkn71g0xRbdZ,information technology and services,linkedin.com/company/kott-it-gmbh,eching,kott it gmbh,bavaria,1-10,kott-it.com
germany,,Ik5Vpi2ETsnPbEB2RH9C7gCYw4oI,information technology and services,linkedin.com/company/devtronic-edv-handel,berlin,devtronic edv-handel,berlin,1-10,devtronic.de
germany,1999,lCqv3OvreT1iq7BY8PR6yQtkMGy8,information technology and services,linkedin.com/company/fpi-evit,cologne,fpi evit gmbh & co. kg,north rhine-westphalia,1-10,fpi-evit.de
germany,2003,SY7VQ62Mc0kcRJ8BPokwBQ2e6MNg,information technology and services,linkedin.com/company/usedsoft-france,dortmund,usedsoft - france,north rhine-westphalia,11-50,
germany,2017,7fvdl9DzRbcDBCzHBH0e6AhzOhSI,information technology and services,linkedin.com/company/kielements,saarbrücken,ki:elements,saarland,11-50,ki-elements.de
germany,2018,WXAMZ3YxXMXyxV7idgfV8QWlU9lG,information technology and services,linkedin.com/company/exellient,darmstadt,exellient gmbh,hesse,11-50,exellient.de
germany,1980,GtNXKEJxFsLmOgjIvZpzQwMWbY5p,information technology and services,linkedin.com/company/schwarzwald-software-engineering,feldberg,schwarzwald software engineering,baden-württemberg,1-10,schwarzwald-software.de
germany,,ZApdBhJHHXIQf9Z1wDv48gCyKhcp,information technology and services,linkedin.com/company/mars-group-de,göppingen,mars group de,baden-württemberg,11-50,mars-group.de
germany,2023,Ul6ICa0Y63HMvaBvfGwIoAGIqtRE,information technology and services,linkedin.com/company/h2quadrat-gmbh-co-kg,leutkirch im allgäu,h2quadrat gmbh & co. kg,baden-württemberg,1-10,h2-quadrat.com
germany,,706BSUVb8Guw85xqKmppMwvUyNNm,information technology and services,linkedin.com/company/apc-deutschland-gmbh,,apc deutschland gmbh,,1-10,apc-home.de
germany,2022,WtMcyytq1zMp7xCGZVPekQf639Qr,information technology and services,linkedin.com/company/blearningforai,stuttgart,b learning academy,baden-württemberg,1-10,
germany,2023,IU4MAsjbG0ZVWmqq9x7YCwtxE4Vg,information technology and services,linkedin.com/company/ai-impact-gmbh,hamburg,ai.impact,hamburg,1-10,ai-impact.com
germany,,Wwe5TxoNvJn3UBDfJ50s2AQod6TQ,information technology and services,linkedin.com/company/itcoga,st. peter,it collection geschäftsanwendungen e.k.,baden-württemberg,1-10,itcoga.de
germany,2017,lLf0oWxUYBQXIXT9DbW3hw68RwSo,information technology and services,linkedin.com/company/adesso-as-a-service-gmbh,dortmund,adesso as a service gmbh,north rhine-westphalia,51-200,adesso-service.com
germany,,VB6j4VEnep4N8z6iIe1iEgal4d0l,information technology and services,linkedin.com/company/roba-one,kassel,roba.one,hesse,1-10,roba.one
germany,,zTi3OoBMQ6oXGwF2t96GRALZJTfb,information technology and services,linkedin.com/company/flobee-gmbh,arnsberg,flobee gmbh,north rhine-westphalia,11-50,flobee.de
germany,2006,xCqHO4UXJCoRO5OSs9W8xw0PhFrw,information technology and services,linkedin.com/company/exconnect-kg,külsheim,exconnect kg,baden-württemberg,1-10,exconnect.de
germany,,z0RAunCHYOekX0Av4zvyxgHuXEyM,information technology and services,linkedin.com/company/laudien-consulting-llc,,laudien consulting gmbh,,1-10,laudien-consulting.com
germany,1997,6FIXUNbBBfIZ3MKriAWo6AJuYE3p,information technology and services,linkedin.com/company/netzstation-informationstechnik-gmbh,heubach,netzstation informationstechnik gmbh,baden-württemberg,11-50,netzstation.net
germany,2020,zCM3JuTmI8vFv9bdud8xcAimrnnZ,information technology and services,linkedin.com/company/hosmatic,freiburg im breisgau,hosmatic,baden-württemberg,1-10,hosmatic.com
germany,,6ad01P7CnBfSRHZTEyLraAbxdxiJ,information technology and services,linkedin.com/company/becoming-diga,berlin,becoming diga,berlin,1-10,diga.how
germany,,6HNbFscWtQACLpdaSD6Apg2cxl3O,information technology and services,linkedin.com/company/heiss-gmbh-&-co-kg,,heiss gmbh & co kg,,1-10,heiss.org
germany,,6RLu9dmESn3uxwCofWZurg73e9Wy,information technology and services,linkedin.com/company/michael-hack-software,langerringen,michael hack software,bavaria,1-10,michaelhacksoftware.de
germany,2019,fjNxT5d6CLwRNhfgVgb8FwybPBEr,information technology and services,linkedin.com/company/09-media,regensburg,09 media gmbh,bavaria,11-50,09media.de
germany,2019,MHjbSf6kmLe1H6w5VOzXXgqRDZF7,information technology and services,linkedin.com/company/one-thousand-ai,berlin kreuzberg,one thousand,berlin,11-50,onethousand.ai
germany,2018,Vwq1QwtdbjvO6pEYzbArSwNJf56F,information technology and services,linkedin.com/company/sdox-io,stuttgart,sdox,baden-württemberg,11-50,sdox.io
germany,,syBzgNYrbLOGxh4suKwMJgft1WQf,information technology and services,linkedin.com/company/schroeder-&-co-,,schroeder & co.,,1-10,schroeder-co.de
germany,,1Rl1NtdKaucm11az3P0HzwvUW5ZX,information technology and services,linkedin.com/company/metrix-internet-design-gmbh,karlsruhe,metrix internet design gmbh,baden-württemberg,11-50,metrix.de
germany,2022,Bz7tNHBwmrAwqNaDkwLZqwr8xQ43,information technology and services,linkedin.com/company/lumxi-gmbh,langen,lumxi gmbh,hesse,1-10,lumxi.com
germany,,qA5QQAKQnjoqVCY00JaLSw8utypn,information technology and services,linkedin.com/company/gotosec,monheim am rhein,gotosec gmbh,north rhine-westphalia,1-10,gotosec.de
germany,2001,FmC0ujpV6RqiyHlPtiFK1Ao7sEjg,information technology and services,linkedin.com/company/systemone-software,berlin friedrichshain,system one,berlin,1-10,systemonesoftware.com
germany,2017,x4ntRu60aYUyKbaVQkX26Aoj4r09,information technology and services,linkedin.com/company/nextapps-gmbh,berlin,nextapps gmbh,berlin,1-10,nextapps.de
germany,,5vgu0NLhLb4W6Bwccf9DxAUuhMRC,information technology and services,linkedin.com/company/2do-it.-media.-consulting,münchen,2do | it. media. consulting,bavaria,1-10,two-do.com
germany,,d3jBIhM2feAlmZpZBvIS3g7gk0jL,information technology and services,linkedin.com/company/telekom-security,bonn,telekom security,north rhine-westphalia,1001-5000,telekom.de
germany,1994,FpzG5pNYZZvwlJS2ODywlgie1CWK,information technology and services,linkedin.com/company/jausoft,bremerhaven,jausoft,bremen,1-10,jausoft.com
germany,1990,oBgOGSgz1mWPdHgOZATYkwpEMGM3,information technology and services,linkedin.com/company/s-k-m-informatik-gmbh,schwerin,s.k.m. informatik gmbh,mecklenburg-vorpommern,11-50,skm-informatik.com
germany,2019,QXgRdbgyRgs4aEU6879eTwDnHJh7,information technology and services,linkedin.com/company/al-summers-media,karlsfeld,chatwise.io,bavaria,1-10,chatwise.io
germany,,uCvXVqDkHMZr463movGHww552IBg,information technology and services,linkedin.com/company/t3-gmbh,erlangen,t3 gmbh,bavaria,1-10,
germany,2011,7llgbmDVh0phtfNVRGSwkg0gy18z,information technology and services,linkedin.com/company/orgatrust-gmbh,,orgatrust gmbh,,1-10,orgatrust.de
germany,,BFsiNlr9VPlMXiWF3s9lVAVQxtcm,information technology and services,linkedin.com/company/computerbutler,nuremberg,computerbutler,bavaria,1-10,computerbutleronline.com
germany,,dOCMQsVzz5GKgAnomcCcFg4CXWr6,information technology and services,linkedin.com/company/nighthosting24,trier,nighthosting24,rhineland-palatinate,1-10,nighthosting24.de
germany,,PQliIBAFVwZu5QEWtOx2fAJzKMPE,information technology and services,linkedin.com/company/phd-it-systeme-gmbh,hahnbach,phd it-systeme gmbh,bavaria,1-10,phd-it-systeme.de
germany,2015,J5nYp9nUAIGCACbMnWvBCAXseRSx,information technology and services,linkedin.com/company/flowsite,cologne,flowsite gmbh,north rhine-westphalia,1-10,flowsite.de
germany,,RJYpBlKyxSdDT1KcHJE2nQiOwfRt,information technology and services,linkedin.com/company/gripsware-datentechnik,röttenbach,gripsware datentechnik,bavaria,11-50,pro-plan.net
germany,2021,BEy3bBDLM2UUZS6f8xAUTQ3PE4Pl,information technology and services,linkedin.com/company/webagentur-fleɪk,ulm,webagentur - [fleɪk],baden-württemberg,1-10,webagentur-flake.de
germany,,ZJi7PkZAtww207WQSrX3aQbxJ9oE,information technology and services,linkedin.com/company/mindbird-de,baunatal,mindbird,hesse,1-10,mindbird.de
germany,,E5HuzV9J94oazrOmjvwoowDP53Z0,information technology and services,linkedin.com/company/sensocolor,nettetal,sensocolor,north rhine-westphalia,1-10,sensocolor.de
germany,,cCQK2omownobKqO9VnabOAHqG0XK,information technology and services,linkedin.com/company/optitas,lambsheim,optitas,rhineland-palatinate,1-10,optitas.com
germany,,SCFVBSfYwemffIInOMYG6AnTljCq,information technology and services,linkedin.com/company/ambulantes-therapiezentrum-giengen-gmbh,giengen an der brenz,ambulantes therapiezentrum giengen gmbh,baden-württemberg,1-10,at-zentrum.com
germany,1988,ulQHSjBbjqO4IdyP2JhvAQSedl7j,information technology and services,linkedin.com/company/l-i-t-ag,brake,l.i.t. ag,lower saxony,1001-5000,lit.de
germany,,FEFhzRNmhbbmbeoypCP2XwUBIuX3,information technology and services,linkedin.com/company/princepsconsulting,friedrichshafen,princeps consulting,baden-württemberg,1-10,princeps-consulting.com
germany,2021,HGCFDiMGOZKuiCUBiE6OGAzJmOOg,information technology and services,linkedin.com/company/sencury,hannover,sencury,lower saxony,11-50,sencury.com
germany,,FGRIXYaXSOair6g6k9VB7QNFs2wH,information technology and services,linkedin.com/company/dcd-computer,karlsruhe,dcd computer,baden-württemberg,1-10,
germany,2019,NCSmRnQZpeRDgCqVCf1pzwOnmWGi,information technology and services,linkedin.com/company/fiskaltrust-de,berlin,fiskaltrust gmbh,berlin,11-50,fiskaltrust.de
germany,,37xWOWxydM5h4JOgRo0UjwYPALFS,information technology and services,linkedin.com/company/anwendo,freiburg im breisgau,anwendo,baden-württemberg,1-10,anwendo.com
germany,,mIDRvR3Pg8ANDW4Ck1O52AueVUF4,information technology and services,linkedin.com/company/web-serverhosting,zwickau,web-serverhosting,saxony,1-10,web-serverhosting.business.site
germany,,p9nCH4z5G5cnIazVuaRwLwsNQ9iu,information technology and services,linkedin.com/company/staqd,,staqd,hamburg,1-10,staqd.dev
germany,,OaD8YeNg4xeMwAYBld3yggmIbmkQ,information technology and services,linkedin.com/company/ingenieurkammer-des-saarlandes,saarbrücken,ingenieurkammer des saarlandes,saarland,1-10,ing-saarland.de
germany,2021,CKHSiHkGPKuPvFhS0XoyzgROfkQ1,information technology and services,linkedin.com/company/eldertechde,aachen,eldertech,north rhine-westphalia,1-10,eldertech.de
germany,,ZL0ZBdac85Uz2hF9QmU99gOXs9Ah,information technology and services,linkedin.com/company/orga-card-systems-inc-,paderborn,"orga card systems, inc.",north rhine-westphalia,11-50,
germany,,eLctyzWtoXiOCqYWFY07vwcm1FqQ,information technology and services,linkedin.com/company/droneblick,berlin friedrichshain,droneblick,berlin,1-10,droneblick.com
germany,,gsfkacpeR8b7KUJuyg0X3AVbUJSq,information technology and services,linkedin.com/company/filsinger.de,ubstadt-weiher,filsinger.de,baden-württemberg,1-10,tx3.de
germany,2018,kz6Xypf5nJR3f2Ky5M9ePQDuZBi6,information technology and services,linkedin.com/company/var-lab-it,nuremberg,var-lab it,bavaria,1-10,var-lab.com
germany,2015,ZDeBGinzonMd9McRcBMazwDXRlwm,information technology and services,linkedin.com/company/homefort-gmbh,saarbrücken,homefort gmbh,saarland,1-10,homefort.de
germany,,fOmCSAQwHSC56WiXKZ2ERAtyDbRB,information technology and services,linkedin.com/company/my-smart-card,düsseldorf,my smart card,north rhine-westphalia,1-10,mysmartcard.store
germany,2003,98kULn1VW85KK9PX8eR7dQWjUye4,information technology and services,linkedin.com/company/kpm.edv-ohg,lägerdorf,kpm.edv ohg,schleswig-holstein,11-50,kpm-edv.de
germany,2020,a3RyIB9uZtCcNCti0SWAFwaux0Lg,information technology and services,linkedin.com/company/cosssmique,berlin,cosmique digital solutions.,berlin,1-10,
germany,,1ObqIG9w18vz13moIJjYrAaAb16c,information technology and services,linkedin.com/company/von-beust-it-consulting,königstein im taunus,vonbeust.digital,hesse,1-10,vonbeust.digital
germany,,dCXC4JdOvvlqV28h2Gl6XwmGvvGC,information technology and services,linkedin.com/company/gemeinsamdolmetschen,cologne,gemeinsam dolmetschen,north rhine-westphalia,1-10,gemeinsam-dolmetschen.de
germany,,Hu5NPWZ3hqgCb9vwhRXWJQCmpW4b,information technology and services,linkedin.com/company/speckmann-gruppe,,speckmann-gruppe,,1-10,speckmann-gruppe.de
germany,1997,Xk8x1PoGuF0YCYJnCb24ywTh8wBT,information technology and services,linkedin.com/company/b-w-software-gmbh,erlangen,b&w software gmbh,bavaria,11-50,buw-soft.de
germany,,n1wsBGJeBnbZa2KpCnBnbQTyrTr3,information technology and services,linkedin.com/company/syncadvice-gmbh,düsseldorf,syncadvice gmbh,north rhine-westphalia,1-10,syncadvice.de
germany,2018,oMX45AysEEfeCKMbRMWc6wJzVVp6,information technology and services,linkedin.com/company/remotejobsio,berlin,remote jobs,berlin,1-10,remote-jobs.io
germany,,jVLwMQ6215oTzqs5GM495ACd8O8z,information technology and services,linkedin.com/company/inprosens-ug,oldenburg,inprosens ug,lower saxony,1-10,inprosens.com
germany,2001,c7V93AViPohigRRWU9wUGwp3AdbV,information technology and services,linkedin.com/company/sycosec-net,nuremberg,sycosec networks gmbh,bavaria,1-10,sycosec.de
germany,,Jk88t4ZnLewFsSHfvhyE4gQBUkUw,information technology and services,linkedin.com/company/bauer-live-softwaredevelopment,,bauer-live softwaredevelopment,,1-10,bauer-live.de
germany,2018,oZGKZVwyKLquBAJeQir2agz9z6WG,information technology and services,linkedin.com/company/reichart-dev,mering,reichart.dev,bavaria,1-10,reichart.dev
germany,1998,v7rH2Xs9ECrZ4XD2HZhGgw0EZIqn,information technology and services,linkedin.com/company/dcc-moebel,herford,daten competence center e.v.,north rhine-westphalia,1-10,dcc-moebel.org
germany,,1bDaUaWZHSmPA6o0xWBEwQMcMI0E,information technology and services,linkedin.com/company/bonovativ,cologne,bonovativ gmbh,north rhine-westphalia,1-10,bonovativ.de
germany,,StN6yU0yzuxo7uNObOVSNwDPSADB,information technology and services,linkedin.com/company/jam-fineartprint-gmbh,berlin,jam-fineartprint gmbh,berlin,1-10,jam-fineartprint.de
germany,,KtMOkZJL1Qu4pwrkdWQXBAGrXpBa,information technology and services,linkedin.com/company/avernet,lörrach,avernet,baden-württemberg,1-10,avernet.de
germany,2012,LwMVWnHpm5ashiCKLayEAAWKwfpb,information technology and services,linkedin.com/company/gollsolution-ohg,aue,gollsolution e.k.,saxony,1-10,gollsolution.de
germany,2006,G54gDMzUKTqGTjVAJ5ejSwGHZach,information technology and services,linkedin.com/company/solutionbar-gmbh,munich,solutionbar gmbh,bavaria,11-50,solutionbar.de
germany,1990,eTvpPM6KasQlKNvT53yZUwWOzrD1,information technology and services,linkedin.com/company/hartmann-solutions-gmbh,freising,hartmann solutions gmbh,bavaria,1-10,hartmann-solutions.de
germany,,YWvRgfhPMNrSCwon3sDubQANMiu2,information technology and services,linkedin.com/company/ach-electronic,düren,ach electronic,north rhine-westphalia,1-10,ach-electronic.de
germany,,Eaq6YtBiJnRy3Eq8VdgijQtgJ8NI,information technology and services,linkedin.com/company/oorcca-gmbh,heidelberg,oorcca gmbh,baden-württemberg,11-50,oorcca.de
germany,1991,jVlq5OfIB4YjSI1iMJamdg58VEPk,information technology and services,linkedin.com/company/mst-büroinnovationen,berlin,mst-büroinnovationen,berlin,11-50,mst.de
germany,2019,TO34HBphQ6mO1sZQBvYj6gsFOvPw,information technology and services,linkedin.com/company/lenz-ebusiness-gmbh,müllheim,lenz ebusiness gmbh,baden-württemberg,1-10,lenz-ebusiness.de
germany,,9IaZgeTnRimoeER4i4wUawGSHch6,information technology and services,linkedin.com/company/florian-schepper,,schepper | web & app,berlin,1-10,schepper.dev
germany,,sy9FpjukCtwH0ESCPFybLwgxQdUq,information technology and services,linkedin.com/company/my-tec-world,bückeburg,my tec world,lower saxony,1-10,mytecworld-pcservice.de
germany,,xjhvjg8s70wJNSqdAiyCvAKGd4Js,information technology and services,linkedin.com/company/levantec-gmbh,munich,levantec gmbh,bavaria,1-10,levantec.de
germany,,bKJ8pgxOylfuNZu41rXssATs2Gp7,information technology and services,linkedin.com/company/chipset-computersysteme-und-service-gmbh,berlin,chipset computersysteme und service gmbh,berlin,1-10,chipset.de
germany,2020,XVg85Kycvxd1K5nWgFXN5QznZLXB,information technology and services,linkedin.com/company/sectecs®-–-security-technologies,bad nauheim,sectecs,hesse,1-10,sectecs.de
germany,,Zag8x6s8XEDpBlbaWP8rMwbZ3nrL,information technology and services,linkedin.com/company/bridgephone,emmerich,bridgephone,north rhine-westphalia,1-10,bridgephone.de
germany,2015,o1a8DzBZoBgo10Xu1AKPeAPxnfwV,information technology and services,linkedin.com/company/german-ict-media-institute-e-v,cologne,german ict & media institute e.v.,north rhine-westphalia,1-10,gimi.cologne
germany,,SNOMJe0tsxP0mJtacwxEtwVstAJr,information technology and services,linkedin.com/company/friedemann-hähnel-gmbh,berlin,friedemann hähnel gmbh,berlin,1-10,haehnel.de
germany,2004,uW4F4B6tEQi1Q4SGlv0QIgbaae4K,information technology and services,linkedin.com/company/liebig-edv,sonthofen,liebig edv,bavaria,1-10,liebig-edv.de
germany,2009,rNB0Pr5GpFaWiZtXdQwxmA8XhGrK,information technology and services,linkedin.com/company/paradox-networks,,paradox networks gmbh,hamburg,11-50,paradox-networks.de
germany,2015,c8VRw0O7CV8RpfDDglnCegCBlrBm,information technology and services,linkedin.com/company/centrias-gmbh,hamburg,centrias gmbh,hamburg,1-10,centrias.com
germany,,tGROVB7SoTYBpfZd4ebHNAXkFxED,information technology and services,linkedin.com/company/bürotechnik-krinke-gmbh,bad pyrmont,bürotechnik krinke gmbh,lower saxony,1-10,krinke-gmbh.de
germany,2000,QIfb5pC3dLxGKU85LYa1SwOF1r7O,information technology and services,linkedin.com/company/it-service-scholz-gmbh,oberhaching,it service scholz gmbh,bavaria,501-1000,it-scholz.com
germany,2012,mKeAKDaanU3AjG7qXFgWhwLLjvnb,information technology and services,linkedin.com/company/dennis-maier,heilbronn,dennis maier,baden-württemberg,1-10,dennis-maier.com
germany,2002,3gFQz4Bbu86bYhCx9yWiywXsegJl,information technology and services,linkedin.com/company/cataligent-projekt-gmbh,düsseldorf,cataligent projekt gmbh,north rhine-westphalia,11-50,cataligent.de
germany,,ZKmUfXbGkObBLudmMndRcgGzwPk1,information technology and services,linkedin.com/company/fidicon-gmbh,hohenwestedt,fidicon gmbh,schleswig-holstein,1-10,fidicon.de
germany,,TxU1c7Yg4ZttbxhqNqrCsg7ij76a,information technology and services,linkedin.com/company/alarmzentrale-steinberg-gmbh,reinbek,alarmzentrale steinberg gmbh,schleswig-holstein,1-10,alarmzentrale-steinberg.de
germany,2001,jmyJJ3qCaxCeQ4dWLrV5zA1e0vQe,information technology and services,linkedin.com/company/ahorner-&-partner,essen,ahorner & innovators gmbh the architects of digital transformation,north rhine-westphalia,1-10,ahornerinnovators.com
germany,,hCtowHDDCZ47gjQHj94cbwhx5Gsn,information technology and services,linkedin.com/company/crotive-gmbh,kornwestheim,crotive gmbh,baden-württemberg,1-10,crotive.com
germany,2004,OxONiMC5wjKoKGZhAJsSCAF9awGx,information technology and services,linkedin.com/company/anaptis-gmbh,münster,anaptis gmbh,north rhine-westphalia,51-200,anaptis.com
germany,2023,rQApVJ45Oym4DPCDjaT7lAUhI36y,information technology and services,linkedin.com/company/confibot,freiburg im breisgau,confibot,baden-württemberg,1-10,confibot.de
germany,2022,Yy0LsuONDY0UB3HtuDjCEghc9w4d,information technology and services,linkedin.com/company/lila-schule,delitzsch,lila it gmbh,saxony,1-10,lila-it.de
germany,2010,ZT1ByfnedmYJdRiAChhcbg1e8vvC,information technology and services,linkedin.com/company/geocom-informatik-gmbh,kranzberg,geocom informatik gmbh,bavaria,11-50,geocom-informatik.de
germany,1999,43KOzKE8XxMCwVhL28U0mg7DIFwY,information technology and services,linkedin.com/company/itce-systemhaus,norderstedt,itce systemhaus,schleswig-holstein,11-50,itce-systemhaus.de
germany,2019,UBS6G5vqilXPwl8X4stN9AbaSgO9,information technology and services,linkedin.com/company/mochitgmbh,hannover,moch.it,lower saxony,1-10,moch-it.com
germany,2023,TvBczBCWXWxZh6HBg3vbhQpxtNk1,information technology and services,linkedin.com/company/ai-universe-ki-beratung,munich,ai universe,bavaria,1-10,ai-universe.com
germany,2017,5yOtXLLb97p69qYICF8s6Qjls00t,information technology and services,linkedin.com/company/cgift-ag,hamburg,cgift ag,hamburg,1-10,tyros.ag
germany,2021,gjykVpy9Ii7LOa0rRnMB2Ahl8DTH,information technology and services,linkedin.com/company/4it-gmbh,kriftel,4it gmbh,hesse,1-10,4it.gmbh
germany,2021,LPTdQvCYLJJjXgumKILEsAmHzcoc,information technology and services,linkedin.com/company/digitaldecode,,digital decode,,1-10,digital-decode.com
germany,,OwWa3CgcNY0pODsnHXDwkwwIHZNS,information technology and services,linkedin.com/company/lumen-networks,düsseldorf,lumen networks,north rhine-westphalia,1-10,lumennetworks.de
germany,2011,ZyjijNzRtFVG7G5UwrySBQPuxsY8,information technology and services,linkedin.com/company/openoil,berlin,openoil,berlin,1-10,openoil.net
germany,2024,ClWCNWkoPjGCe1rLvpWI9w7tYW7p,information technology and services,linkedin.com/company/lima-energy-mobility,wesel,lima energy,north rhine-westphalia,1-10,
germany,,bL02BjBXCIZt1E6BkbsZSgxHtRIW,information technology and services,linkedin.com/company/ibh-süd,eberbach,infrafact,baden-württemberg,11-50,infrafact.de
germany,,CSUA8zSUmLf2VBcfVnQUQwBvF21m,information technology and services,linkedin.com/company/maveriq,munich,maveriq gmbh,bavaria,1-10,
germany,,E1CGa68xaIQCVOBv4Lmn2AmNSHTZ,information technology and services,linkedin.com/company/bit-bauhammer-informationstechnik-gmbh,ellwangen,bit bauhammer informationstechnik gmbh,baden-württemberg,1-10,bit-ellwangen.de
germany,,AedHAB4Ah46mp6WgCiMM8gvm9iMk,information technology and services,linkedin.com/company/itf-systemhaus-gmbh,burgkirchen an der alz,itf-systemhaus gmbh,bavaria,11-50,itf-systemhaus.de
germany,2009,8bzkVdFCA3Ca8WnZ7Zt39Aq6iAot,information technology and services,linkedin.com/company/newongmbh,kempen,newon gmbh,north rhine-westphalia,1-10,newon.de
germany,,e0LHKS2nJFk3P6F5gYb8UAPL9fm6,information technology and services,linkedin.com/company/alte-residenz,lage,alte residenz,north rhine-westphalia,1-10,alte-residenz-hotel-garni.de
germany,2003,4ptCrrkWJPmC4FrIeIFNDQKHHKZz,information technology and services,linkedin.com/company/xnetsolutions,herrenberg,xnetsolutions,baden-württemberg,51-200,
germany,1984,oi8esk281RHbA0vJH0wXCArX3O3r,information technology and services,linkedin.com/company/compas-gesellschaft-für-computeranwendungen-und-software-mbh,hockenheim,compas gmbh,baden-württemberg,1-10,compas-gmbh.de
germany,,P4QfmHbNbYZPYSJHEf9JeAVvGRCV,information technology and services,linkedin.com/company/stilanzeigen-ug-haftungsbeschränkt-,pforzheim,stilanzeigen ug (haftungsbeschränkt),baden-württemberg,1-10,stilanzeigen.net
germany,,LkDtYzJLSEo7tdkHBp48OAnffRXE,information technology and services,linkedin.com/company/netz-welt,,netz|welt,,1-10,netzwelt-it.de
germany,,EhqnUaSfOuJnCVs86q0sDQAcLwo9,information technology and services,linkedin.com/company/alunio,cologne,alunio,north rhine-westphalia,1-10,alunio.com
germany,2016,7Oe01AMSry4Q7CQaOEZeQgHgNcLP,information technology and services,linkedin.com/company/collatumitgmbh,aachen,collatum it gmbh,north rhine-westphalia,11-50,collatum-it.de
germany,,SFOicDtfbFV4BuJjp602SQVY5wCV,information technology and services,linkedin.com/company/brovis,friedberg,brovis,bavaria,1-10,brovis.de
germany,,yGh0utJg1CH7TgatKAFF5wXLuDme,information technology and services,linkedin.com/company/energiezentrale-gmbh,schwabmünchen,energiezentrale gmbh,bavaria,1-10,energiezentrale.gmbh
germany,,1cjvWhqqsqaqy2mjyq1AZAa3UgsR,information technology and services,linkedin.com/company/visionsoftware-de,hamburg,vision software,hamburg,1-10,visionsoftware.io
germany,,tStWgVhe5qubcqbu9GZsvgc7zOz5,information technology and services,linkedin.com/company/jan-koch-gmbh,melle,jan koch gmbh,lower saxony,1-10,gutausgedacht.de
germany,2012,rJAvw6ib0K5SQ5KYs1nhDAGI8i1q,information technology and services,linkedin.com/company/ferdec-gmbh,,ferdec gmbh,berlin,11-50,ferdec.com
germany,,Z6468ivCDeDUkkxltfTKXQoWgtkj,information technology and services,linkedin.com/company/agreedo.com,münchen,agreedo.com,bavaria,1-10,agreedo.com
germany,2011,zdk7YDMA8uprvlUgjCLobg8t5iF9,information technology and services,linkedin.com/company/appmotion-gmbh,hamburg,appmotion,hamburg,51-200,appmotion.de
germany,,YbnVnX3CM3EUGNWhiM8CrApzrtmG,information technology and services,linkedin.com/company/z-point-datentechnik-gmbh-&-co.-kg,hamburg,z-point datentechnik gmbh & co. kg,hamburg,1-10,z-point.de
germany,,lQD7OOvdMyHMvaPYXeMAEgoeyqqm,information technology and services,linkedin.com/company/anzenjo-gmbh,,anzenjo gmbh,,1-10,anzenjo.de
germany,2020,MCiJID43EBMkh8gGRhswLQ30hZol,information technology and services,linkedin.com/company/agreement-solutions,,agreement solutions,hamburg,1-10,
germany,1993,AJvlvvGtxTVCHFOJZVKyzQe1I8BR,information technology and services,linkedin.com/company/masterplan-it-gmbh,görlitz,masterplan it gmbh,saxony,11-50,masterplan-it.de
germany,2012,gHPafyUjicsXAjXAU0OyCQyt4cf9,information technology and services,linkedin.com/company/kobitech-gmbh,kempen,kobitech gmbh,north rhine-westphalia,1-10,kobitech.de
germany,,36Xgppgp3jvO48JVwVtT3gHVbbEP,information technology and services,linkedin.com/company/texmedia,wolfsburg,texmedia gmbh,lower saxony,1-10,texmedia.de
germany,2024,Ar9GIlMo5hzWHszKDmEAAQBBvvHa,information technology and services,linkedin.com/company/dreyer-solutions,munich,dreyer.solutions,bavaria,1-10,dreyer.solutions
germany,2024,GOls6RpMikJrNZSLj6nqpwSv0HLu,information technology and services,linkedin.com/company/inside-workspace,pullach im isartal,inside workspace,bavaria,1-10,inside-workspace.de
germany,,TM3pbrkfiiIyfXwkdOluMALJ6jEw,information technology and services,linkedin.com/company/gid-gesellschaft-für-informatikdienste-mbh,eichwalde,gid gesellschaft für informatikdienste mbh,brandenburg,1-10,gid.de
germany,2019,9ylHfNA5fdNyDfAKdRrgeQYu33n0,information technology and services,linkedin.com/company/u-niq,gießen,u-niq gmbh,hesse,1-10,u-niq.com
germany,2017,96pDZyhihcEX7KAjz0QXeAEhhZrq,information technology and services,linkedin.com/company/spherity,dortmund,spherity,north rhine-westphalia,11-50,spherity.com
germany,,rYtnnlaqrmnuvleuLeAPoAn6cwdA,information technology and services,linkedin.com/company/shop-studio,hamburg,shop studio - shopware agency,hamburg,1-10,shop-studio.io
germany,2024,twUys2TzjmHNqiMDWTa4CQyKi702,information technology and services,linkedin.com/company/heat-check-sebastian-lehmann,herford,heat check - sebastian lehmann,north rhine-westphalia,1-10,heat-check.de
germany,,uAYoZleTBCZXjWiNZnxQBQBTFuwE,information technology and services,linkedin.com/company/neef-andreas,asendorf,neef andreas,lower saxony,1-10,studioneef.de
germany,,3gmz23cv3od3USMf1lwBAAFAbBC5,information technology and services,linkedin.com/company/thomä-residenz,soest,thomä residenz,north rhine-westphalia,1-10,thomae-residenz.de
germany,,BDUlBJnVCwMVq6ynt0VwDQHqyNaO,information technology and services,linkedin.com/company/edv-systeme-spiegelburg-gmbh,hildesheim,edv-systeme spiegelburg gmbh,lower saxony,1-10,spiegelburg.net
germany,,BNwIBsgIUOBpS612DBkcoAkKDhkB,information technology and services,linkedin.com/company/technologie-team,oberhausen,technologie team,north rhine-westphalia,51-200,technologie.team
germany,2011,BY5LzftLACIuv1ocgxOCBQRbh9CS,information technology and services,linkedin.com/company/appricoo,frankfurt,appricoo,hesse,1-10,appricoo.com
germany,,e3iqB7Rwm4ADL4BgwD2S3QOw7Uwa,information technology and services,linkedin.com/company/it-habich,trittau,it-habich - frederic roggon,schleswig-holstein,1-10,it-habich.de
germany,,BQCdyTL4FivkUUezaECUNgwAfPqt,information technology and services,linkedin.com/company/gfa-b-i-s-gmbh,bonn,gfa b.i.s. gmbh,north rhine-westphalia,11-50,gfa-bis.de
germany,2009,tZ4XFatSg61Slch115rCZA1JXH9S,information technology and services,linkedin.com/company/medius-system-gmbh,berlin,medius system gmbh,berlin,11-50,mediussystem.com
germany,,KbC6j4sqS2VXYtujhJRUEwkCjdma,information technology and services,linkedin.com/company/mindlogistik,bielefeld,mindlogistik,north rhine-westphalia,201-500,mind-logistik.de
germany,2023,3g0pBkP8lGKeOvZQKPL1VgaURMpF,information technology and services,linkedin.com/company/alteon-gmbh,münchen,alteon gmbh,bavaria,1-10,alteon.de
germany,1998,xHa3e81djlC6ZBiYIP7KFwaGuZyl,information technology and services,linkedin.com/company/innoq,monheim am rhein,innoq,north rhine-westphalia,51-200,innoq.com
germany,1994,wXLohbDoBPrSHQ8RGRIGUA5WGKpn,information technology and services,linkedin.com/company/office-company-gruppe,berlin,office company,berlin,11-50,office-company.de
germany,1991,DoEHJItHzR1O1b3XjWwRKwST1FWZ,information technology and services,linkedin.com/company/wünsch-ag,ditzingen,wünsch ag,baden-württemberg,11-50,wuensch.de
germany,2012,dnvC6gBmM2xjzbxtKrzxCw6dGZ2i,information technology and services,linkedin.com/company/ekspè-it-experten-fuer-erfolg,frankfurt,ekspè gmbh,hesse,11-50,sites.google.com/ekspe.de/ekspe-gmbh/unternehmen/karriere
germany,2023,EZC5D9Ht8A8qdHJ4ISxlBwcTM5r9,information technology and services,linkedin.com/company/digisystema,frankfurt,dsa,hesse,1-10,digisystema.com
germany,,tIAcsZlEBBgdebrwh97iDgRs8KPO,information technology and services,linkedin.com/company/kreateam-informationsdesign,wurmlingen,kreateam,baden-württemberg,1-10,wolf-informationsdesign.de
germany,,e6rwqT4NqpXlcGBjkhQgbwn8wVDN,information technology and services,linkedin.com/company/stero-gmbh-&-co-kg,velbert,stero gmbh & co. kg,north rhine-westphalia,1-10,stero-velbert.de
germany,2005,wCfa48Btyw5JqFX3lctSZgCg7qry,information technology and services,linkedin.com/company/vpn-deutschland-gmbh,bad oeynhausen,vpn deutschland gmbh,north rhine-westphalia,1-10,vpn.de
germany,2013,mIy71N53sGREKq6NgQtPywpk7Fy5,information technology and services,linkedin.com/company/uzuner-consulting-gmbh,bremen,uzuner consulting gmbh,bremen,201-500,uzuner-consulting.com
germany,1930,iEyPnC3CP4TjkpRIACWHZgghtHuh,information technology and services,linkedin.com/company/autobachgruppe,limburg,auto bach unternehmensgruppe,hesse,201-500,autobach.de
germany,,UtxfTWYCCTl903RfDGt45wZ45oWy,information technology and services,linkedin.com/company/einsplus-edv-schulung,braunschweig,einsplus edv-schulung,lower saxony,1-10,einsplus.net
germany,,WnInifuhnIA5NUcWOWuDLA830AS3,information technology and services,linkedin.com/company/syscovery-ag,,syscovery ag,,51-200,
germany,,wXRdACWBRtC59gsx2hLlaQA1Jytq,information technology and services,linkedin.com/company/hexagon-ag,,hexagon ag,,1-10,hexagon-ag.de
germany,2019,LjaLEhNC93bca1fGQBCOBAo73cKe,information technology and services,linkedin.com/company/timelean,halle,timelean,saxony-anhalt,11-50,timelean.de
germany,,nS0zI2JcGdgBQfFeurideAbPHYve,information technology and services,linkedin.com/company/van-ooyen-consulting,cologne,van ooyen consulting,north rhine-westphalia,1-10,vanooyen.consulting
germany,2019,ChBCuGXZ4BKVJq5Fb8TRZA4IVeAz,information technology and services,linkedin.com/company/volta-digitale-gmbh,cologne,volta digitale gmbh,north rhine-westphalia,1-10,
germany,2019,EjlUC3iudxl3bnyvzkxnOAWDK3IW,information technology and services,linkedin.com/company/delhaye-it-consulting,thalmassing,delhaye it consulting ug (haftungsbeschränkt),bavaria,1-10,delhaye-it.consulting
germany,,V9V7CEzDoAwG6EOvBj8n3Af3WV2n,information technology and services,linkedin.com/company/mayflower-gmbh,munich,mayflower gmbh,bavaria,51-200,mayflower.de
germany,2003,UOeq7fGQYww3CuO3lr5RdgfD4PqA,information technology and services,linkedin.com/company/cognizant-solutions-gmbh,hamburg,cognizant solutions gmbh,hamburg,51-200,cognizant.de
germany,2018,3KQ1aJfn5hwkxWcxPUthGATWb3dr,information technology and services,linkedin.com/company/auritylab-ug,hamburg,auritylab ug,hamburg,1-10,auritylab.com
germany,2013,JXLRRSVZBqqDKOBJFn3iQwtSnlb8,information technology and services,linkedin.com/company/pack-of-7,cologne,pack of 7,north rhine-westphalia,11-50,packof7.com
germany,2021,kWrrTBC1FSjotW0a9mfYeQquP3Ww,information technology and services,linkedin.com/company/local-it-e-v,mechow,local-it e.v.,schleswig-holstein,1-10,local-it.org
germany,1992,bXDi1BMnPQFcCqNDrMyABwIzwPtS,information technology and services,linkedin.com/company/arc-greenlab-gmbh,berlin,arc-greenlab gmbh,berlin,51-200,arc-greenlab.de
germany,,SQc0DbMCCwsWTRVyalM2CAji9kLz,information technology and services,linkedin.com/company/a1m-gmbh,berlin,a1m gmbh,berlin,1-10,
germany,,SaIsitQZoSBpQffkaPFnwwXuSB2A,information technology and services,linkedin.com/company/ice-capital-com,leinburg,ice capital,bavaria,1-10,ice-capital.com
germany,2024,RexjP1rcAEYKKoYeyDCbSQjFVElO,information technology and services,linkedin.com/company/kyrok,berlin,artemis,berlin,1-10,artemis-solutions.de
germany,2005,rqugKs7RFhAXdQpxrgANcAIkIWlZ,information technology and services,linkedin.com/company/blueend-web-applications-ag,wiesbaden,blueend ag,hesse,11-50,blueend.com
germany,,mAskMdlqSYB0lMFs3uBZzAbjhxVW,information technology and services,linkedin.com/company/digital-venture-consultants,frankfurt,dvc - digital venture consultants,hesse,11-50,dvc.ventures
germany,1998,Z6V2uG9sOC3npsRzuOXsbAaC7rgv,information technology and services,linkedin.com/company/snad,,snad,hamburg,1-10,snad.de
germany,,L4hA7p67puWuOxS98E03EQt35v72,information technology and services,linkedin.com/company/paylize-gmbh,ismaning,paylize,bavaria,1-10,paylize.com
germany,1996,uOpW6g4lRTRFeCL1RBLYRwGwXOeT,information technology and services,linkedin.com/company/cid-christliche-internet-dienst-gmbh,berlin,cid - christliche internet dienst gmbh,berlin,1-10,
germany,2012,2vqSLX4ZBCElGyz2xaHoQgRyVg9V,information technology and services,linkedin.com/company/refx-experts-inc-,munich,refx experts inc.,bavaria,11-50,refxexperts.com
germany,2004,8pZ6wmsXrIEZI5zwiSxQCQsXcoJ5,information technology and services,linkedin.com/company/franke-werner-gmbh,paderborn,franke & werner gmbh,north rhine-westphalia,11-50,franke-werner.de
germany,,mudURR2WKFmVwVr2ZjILKgSvBWdq,information technology and services,linkedin.com/company/cadnetwork-gmbh,cologne,cadnetwork gmbh,north rhine-westphalia,1-10,cadnetwork.de
germany,,zbNq7Zz1Lv9vl4yhXaJldAoJMG7l,information technology and services,linkedin.com/company/aktiv-rohrreinigung-gmbh,bremen,aktiv rohrreinigung gmbh,bremen,1-10,aktiv-rohrreinigung.com
germany,2019,dQ4bClT1TOQXFYHO2KeR0AttVTXm,information technology and services,linkedin.com/company/cloud-cape-it-security-gmbh,heilbronn,cloud cape it security gmbh,baden-württemberg,1-10,cloudcape.de
germany,2021,CWw1c6blxoi1iojSd9jBIAgD7x1i,information technology and services,linkedin.com/company/mtc-network,aachen,creon solutions gmbh,north rhine-westphalia,11-50,mtc-network.de
germany,,SYjyuGbx1kzHfsJCPdc7dgffXY7U,information technology and services,linkedin.com/company/hartmann-it-recruit-gmbh,düsseldorf,hartmann it recruit gmbh,north rhine-westphalia,11-50,hartmann-it-recruit.de
germany,1987,4nPeiqe8QYFLdkfxtJGzLwSbfnzb,information technology and services,linkedin.com/company/it-informatik-gmbh,ulm,it-informatik gmbh,baden-württemberg,201-500,it-informatik.de
germany,2023,dS4Jh7lGBNSjqsXjZxVpBAHZ4ljC,information technology and services,linkedin.com/company/steinhoff-ics,passau,steinhoff-digital,bavaria,1-10,
germany,2016,u2bbicgZ44LF5tasm7ywEgvoOZTO,information technology and services,linkedin.com/company/mercify-technologies-gmbh,munich,mercify technologies,bavaria,11-50,mercify.com
germany,2020,Dqj6QuawcCt7U6YCL4Z76QxI4eRF,information technology and services,linkedin.com/company/lugges,witten,lugges unternehmergesellschaft,north rhine-westphalia,1-10,lugges.eu
germany,1912,FeS7BKEgbmtV1Fxksr4C2AWcJocN,information technology and services,linkedin.com/company/bankhaus-gebr-martin-ag,göppingen,bankhaus gebr. martin ag,baden-württemberg,11-50,martinbank.de
